Class_label,Gene,CDR3,V,J,Species,MHC A,MHC B,MHC class,Epitope,Epitope gene,Epitope species,Score
1,TRA,CAMSGDNYGQNFVF,TRAV12-3*01,TRAJ26*01,HomoSapiens,HLA-A*02,B2M,MHCI,YLQPRTFLL,Spike,SARS-CoV-2,0
1,TRA,CVRDNYGQNFVF,TRAV10*01,TRAJ26*01,HomoSapiens,HLA-A*02,B2M,MHCI,YLQPRTFLL,Spike,SARS-CoV-2,0
1,TRA,CVVNEGDKLSF,TRAV12-1*01,TRAJ20*01,HomoSapiens,HLA-A*02,B2M,MHCI,YLQPRTFLL,Spike,SARS-CoV-2,0
1,TRA,CVVNEVDSGYALNF,TRAV12-1*01,TRAJ41*01,HomoSapiens,HLA-A*02,B2M,MHCI,YLQPRTFLL,Spike,SARS-CoV-2,0
1,TRA,CVVNNNNDMRF,TRAV12-1*01,TRAJ43*01,HomoSapiens,HLA-A*02,B2M,MHCI,YLQPRTFLL,Spike,SARS-CoV-2,0
1,TRA,CAVNRDDKIIF,TRAV12-2*01,TRAJ30*01,HomoSapiens,HLA-A*02,B2M,MHCI,YLQPRTFLL,Spike,SARS-CoV-2,0
1,TRA,CVVNGDNNDMRF,TRAV12-1*01,TRAJ43*01,HomoSapiens,HLA-A*02,B2M,MHCI,YLQPRTFLL,Spike,SARS-CoV-2,0
1,TRA,CVVNEADKLIF,TRAV12-1*01,TRAJ34*01,HomoSapiens,HLA-A*02,B2M,MHCI,YLQPRTFLL,Spike,SARS-CoV-2,0
1,TRA,CVVNSAAGNKLTF,TRAV12-1*01,TRAJ17*01,HomoSapiens,HLA-A*02,B2M,MHCI,YLQPRTFLL,Spike,SARS-CoV-2,0
1,TRA,CVVNNDDKIIF,TRAV12-1*01,TRAJ30*01,HomoSapiens,HLA-A*02,B2M,MHCI,YLQPRTFLL,Spike,SARS-CoV-2,0
1,TRA,CVVNDYDKLIF,TRAV12-1*01,TRAJ34*01,HomoSapiens,HLA-A*02,B2M,MHCI,YLQPRTFLL,Spike,SARS-CoV-2,0
1,TRA,CVVNEEDKIIF,TRAV12-1*01,TRAJ30*01,HomoSapiens,HLA-A*02,B2M,MHCI,YLQPRTFLL,Spike,SARS-CoV-2,0
1,TRA,CVVNRNNDMRF,TRAV12-1*01,TRAJ43*01,HomoSapiens,HLA-A*02,B2M,MHCI,YLQPRTFLL,Spike,SARS-CoV-2,0
1,TRA,CVVNEGDKLIF,TRAV12-1*01,TRAJ34*01,HomoSapiens,HLA-A*02,B2M,MHCI,YLQPRTFLL,Spike,SARS-CoV-2,0
1,TRA,CVVNSPQAGTALIF,TRAV12-1*01,TRAJ15*01,HomoSapiens,HLA-A*02,B2M,MHCI,YLQPRTFLL,Spike,SARS-CoV-2,0
1,TRA,CVVNKVQAGTALIF,TRAV12-1*01,TRAJ15*01,HomoSapiens,HLA-A*02,B2M,MHCI,YLQPRTFLL,Spike,SARS-CoV-2,0
1,TRA,CVVNKEDRLMF,TRAV12-1*01,TRAJ31*01,HomoSapiens,HLA-A*02,B2M,MHCI,YLQPRTFLL,Spike,SARS-CoV-2,0
1,TRA,CVVNDPVADTPLVF,TRAV12-1*01,TRAJ29*01,HomoSapiens,HLA-A*02,B2M,MHCI,YLQPRTFLL,Spike,SARS-CoV-2,0
1,TRA,CVVNRDDKIIF,TRAV12-1*01,TRAJ30*01,HomoSapiens,HLA-A*02,B2M,MHCI,YLQPRTFLL,Spike,SARS-CoV-2,0
1,TRA,CVVNGDDKIIF,TRAV12-1*01,TRAJ30*01,HomoSapiens,HLA-A*02,B2M,MHCI,YLQPRTFLL,Spike,SARS-CoV-2,0
1,TRA,CVVNQRDDMRF,TRAV12-1*01,TRAJ43*01,HomoSapiens,HLA-A*02,B2M,MHCI,YLQPRTFLL,Spike,SARS-CoV-2,0
1,TRA,CVVNRLDALNF,TRAV12-1*01,TRAJ41*01,HomoSapiens,HLA-A*02,B2M,MHCI,YLQPRTFLL,Spike,SARS-CoV-2,0
1,TRA,CADHKLVF,TRAV25*01,TRAJ47*01,HomoSapiens,HLA-A*02,B2M,MHCI,YLQPRTFLL,Spike,SARS-CoV-2,0
1,TRA,CVVNMEDKIIF,TRAV12-1*01,TRAJ30*01,HomoSapiens,HLA-A*02,B2M,MHCI,YLQPRTFLL,Spike,SARS-CoV-2,0
1,TRA,CVVNGAGNMLTF,TRAV12-1*01,TRAJ39*01,HomoSapiens,HLA-A*02,B2M,MHCI,YLQPRTFLL,Spike,SARS-CoV-2,0
1,TRA,CVVNGDTDKLIF,TRAV12-1*01,TRAJ34*01,HomoSapiens,HLA-A*02,B2M,MHCI,YLQPRTFLL,Spike,SARS-CoV-2,0
1,TRA,CVVNKYNDMRF,TRAV12-1*01,TRAJ43*01,HomoSapiens,HLA-A*02,B2M,MHCI,YLQPRTFLL,Spike,SARS-CoV-2,0
1,TRA,CVVNRDNDMRF,TRAV12-1*01,TRAJ43*01,HomoSapiens,HLA-A*02,B2M,MHCI,YLQPRTFLL,Spike,SARS-CoV-2,0
1,TRA,CVVNNEDDMRF,TRAV12-1*01,TRAJ43*01,HomoSapiens,HLA-A*02,B2M,MHCI,YLQPRTFLL,Spike,SARS-CoV-2,0
1,TRA,CVVNEGDDMRF,TRAV12-1*01,TRAJ43*01,HomoSapiens,HLA-A*02,B2M,MHCI,YLQPRTFLL,Spike,SARS-CoV-2,0
1,TRA,CVVNNGNKLVF,TRAV12-1*01,TRAJ47*01,HomoSapiens,HLA-A*02,B2M,MHCI,YLQPRTFLL,Spike,SARS-CoV-2,0
1,TRA,CAVNGDDKIIF,TRAV12-2*01,TRAJ30*01,HomoSapiens,HLA-A*02,B2M,MHCI,YLQPRTFLL,Spike,SARS-CoV-2,0
1,TRA,CVVNMENDMRF,TRAV12-1*01,TRAJ43*01,HomoSapiens,HLA-A*02,B2M,MHCI,YLQPRTFLL,Spike,SARS-CoV-2,0
1,TRA,CVVNKGDKIIF,TRAV12-1*01,TRAJ30*01,HomoSapiens,HLA-A*02,B2M,MHCI,YLQPRTFLL,Spike,SARS-CoV-2,0
1,TRA,CAVSPNGGSQGNLIF,TRAV1-2*01,TRAJ42*01,HomoSapiens,HLA-A*02,B2M,MHCI,YLQPRTFLL,Spike,SARS-CoV-2,0
1,TRA,CVVNNLDDMRF,TRAV12-1*01,TRAJ43*01,HomoSapiens,HLA-A*02,B2M,MHCI,YLQPRTFLL,Spike,SARS-CoV-2,0
1,TRA,CVVNNPSGNTPLVF,TRAV12-1*01,TRAJ29*01,HomoSapiens,HLA-A*02,B2M,MHCI,YLQPRTFLL,Spike,SARS-CoV-2,0
1,TRA,CAASAEGTYKYIF,TRAV29/DV5*01,TRAJ40*01,HomoSapiens,HLA-A*02,B2M,MHCI,ALNTLVKQL,Spike,SARS-CoV-2,0
1,TRA,CAVDLDYKLSF,TRAV39*01,TRAJ20*01,HomoSapiens,HLA-A*02,B2M,MHCI,RLQSLQTYV,Spike,SARS-CoV-2,0
1,TRA,CAFPEIQGAQKLVF,TRAV38-1*01,TRAJ54*01,HomoSapiens,HLA-A*02,B2M,MHCI,RLQSLQTYV,Spike,SARS-CoV-2,0
1,TRA,CAVDQDYQLIW,TRAV39*01,TRAJ33*01,HomoSapiens,HLA-A*02,B2M,MHCI,RLQSLQTYV,Spike,SARS-CoV-2,0
1,TRA,CAETFTGNQFYF,TRAV13-2*01,TRAJ49*01,HomoSapiens,HLA-A*02,B2M,MHCI,RLQSLQTYV,Spike,SARS-CoV-2,0
1,TRA,CAETLTGNQFYF,TRAV13-2*01,TRAJ49*01,HomoSapiens,HLA-A*02,B2M,MHCI,RLQSLQTYV,Spike,SARS-CoV-2,0
1,TRA,CVVNKNNDMRF,TRAV12-1*01,TRAJ43*01,HomoSapiens,HLA-A*02,B2M,MHCI,YLQPRTFLL,Spike,SARS-CoV-2,0
1,TRA,CAVNMDDKIIF,TRAV12-2*01,TRAJ30*01,HomoSapiens,HLA-A*02,B2M,MHCI,YLQPRTFLL,Spike,SARS-CoV-2,0
1,TRA,CAVNHNAGNMLTF,TRAV12-2*01,TRAJ39*01,HomoSapiens,HLA-A*02,B2M,MHCI,YLQPRTFLL,Spike,SARS-CoV-2,0
1,TRA,CVVNREDDMRF,TRAV12-1*01,TRAJ43*01,HomoSapiens,HLA-A*02,B2M,MHCI,YLQPRTFLL,Spike,SARS-CoV-2,0
1,TRA,CVVNRFDDMRF,TRAV12-1*01,TRAJ43*01,HomoSapiens,HLA-A*02,B2M,MHCI,YLQPRTFLL,Spike,SARS-CoV-2,0
1,TRA,CVVNRGDKLIF,TRAV12-1*01,TRAJ34*01,HomoSapiens,HLA-A*02,B2M,MHCI,YLQPRTFLL,Spike,SARS-CoV-2,0
1,TRA,CVVNYDNDMRF,TRAV12-1*01,TRAJ43*01,HomoSapiens,HLA-A*02,B2M,MHCI,YLQPRTFLL,Spike,SARS-CoV-2,0
1,TRA,CVVNAPSGNTPLVF,TRAV12-1*01,TRAJ29*01,HomoSapiens,HLA-A*02,B2M,MHCI,YLQPRTFLL,Spike,SARS-CoV-2,0
1,TRA,CVVNQEDRLMF,TRAV12-1*01,TRAJ31*01,HomoSapiens,HLA-A*02,B2M,MHCI,YLQPRTFLL,Spike,SARS-CoV-2,0
1,TRA,CALSDPSSGTYKYIF,TRAV19*01,TRAJ40*01,HomoSapiens,HLA-A*02,B2M,MHCI,YLQPRTFLL,Spike,SARS-CoV-2,0
1,TRA,CAVEGGDSNYQLIW,TRAV2*01,TRAJ33*01,HomoSapiens,HLA-A*02,B2M,MHCI,YLQPRTFLL,Spike,SARS-CoV-2,0
1,TRA,CVVNGANNLFF,TRAV12-1*01,TRAJ36*01,HomoSapiens,HLA-A*02,B2M,MHCI,YLQPRTFLL,Spike,SARS-CoV-2,0
1,TRA,CAVNRGDKIIF,TRAV12-2*01,TRAJ30*01,HomoSapiens,HLA-A*02,B2M,MHCI,YLQPRTFLL,Spike,SARS-CoV-2,0
1,TRA,CVVNMPQAGTALIF,TRAV12-1*01,TRAJ15*01,HomoSapiens,HLA-A*02,B2M,MHCI,YLQPRTFLL,Spike,SARS-CoV-2,0
1,TRA,CVVNNNNNDMRF,TRAV12-1*01,TRAJ43*01,HomoSapiens,HLA-A*02,B2M,MHCI,YLQPRTFLL,Spike,SARS-CoV-2,0
1,TRA,CAPYPNSNSGYALNF,TRAV9-2*01,TRAJ41*01,HomoSapiens,HLA-A*02,B2M,MHCI,YLQPRTFLL,Spike,SARS-CoV-2,0
1,TRA,CIVSGYSTLTF,TRAV26-1*01,TRAJ11*01,HomoSapiens,HLA-A*02,B2M,MHCI,YLQPRTFLL,Spike,SARS-CoV-2,0
1,TRA,CALNTGNQFYF,TRAV38-2/DV8*01,TRAJ49*01,HomoSapiens,HLA-A*02,B2M,MHCI,RLQSLQTYV,Spike,SARS-CoV-2,0
1,TRA,CAVRAPEGHPLNRDDKIIF,TRAV8-6*01,TRAJ30*01,HomoSapiens,HLA-A*02,B2M,MHCI,RLQSLQTYV,Spike,SARS-CoV-2,0
1,TRA,CAVYGGSQGNLIF,TRAV12-2*01,TRAJ42*01,HomoSapiens,HLA-A*02,B2M,MHCI,RLQSLQTYV,Spike,SARS-CoV-2,0
1,TRA,CAPDNYGQNFVF,TRAV19*01,TRAJ26*01,HomoSapiens,HLA-A*02,B2M,MHCI,RLQSLQTYV,Spike,SARS-CoV-2,0
1,TRA,CAARGKGGFKTIF,TRAV23/DV6*01,TRAJ9*01,HomoSapiens,HLA-A*02,B2M,MHCI,YLQPRTFLL,Spike,SARS-CoV-2,0
1,TRA,CAEGHNAGNMLTF,TRAV13-2*01,TRAJ39*01,HomoSapiens,HLA-A*02,B2M,MHCI,YLQPRTFLL,Spike,SARS-CoV-2,0
1,TRA,CAVEFLLSARLMF,TRAV2*01,TRAJ31*01,HomoSapiens,HLA-A*02,B2M,MHCI,YLQPRTFLL,Spike,SARS-CoV-2,0
1,TRA,CAVLTGTASKLTF,TRAV12-2*01,TRAJ44*01,HomoSapiens,HLA-A*02,B2M,MHCI,YLQPRTFLL,Spike,SARS-CoV-2,0
1,TRA,CAVNENDKIIF,TRAV12-2*01,TRAJ30*01,HomoSapiens,HLA-A*02,B2M,MHCI,YLQPRTFLL,Spike,SARS-CoV-2,0
1,TRA,CAVNSGDKIIF,TRAV12-2*01,TRAJ30*01,HomoSapiens,HLA-A*02,B2M,MHCI,YLQPRTFLL,Spike,SARS-CoV-2,0
1,TRA,CAVNVDDKIIF,TRAV12-2*01,TRAJ30*01,HomoSapiens,HLA-A*02,B2M,MHCI,YLQPRTFLL,Spike,SARS-CoV-2,0
1,TRA,CAVNVLPTVVSGGGADGLTF,TRAV12-2*01,TRAJ45*01,HomoSapiens,HLA-A*02,B2M,MHCI,YLQPRTFLL,Spike,SARS-CoV-2,0
1,TRA,CIRLDAGNNRKLIW,TRAV26-2*01,TRAJ38*01,HomoSapiens,HLA-A*02,B2M,MHCI,YLQPRTFLL,Spike,SARS-CoV-2,0
1,TRA,CIVRVRMSNTGKLIF,TRAV26-1*01,TRAJ37*01,HomoSapiens,HLA-A*02,B2M,MHCI,YLQPRTFLL,Spike,SARS-CoV-2,0
1,TRA,CLVGAPFSGSARQLTF,TRAV4*01,TRAJ22*01,HomoSapiens,HLA-A*02,B2M,MHCI,YLQPRTFLL,Spike,SARS-CoV-2,0
1,TRA,CVVNALDDMRF,TRAV12-1*01,TRAJ43*01,HomoSapiens,HLA-A*02,B2M,MHCI,YLQPRTFLL,Spike,SARS-CoV-2,0
1,TRA,CVVNEDDKIIF,TRAV12-1*01,TRAJ30*01,HomoSapiens,HLA-A*02,B2M,MHCI,YLQPRTFLL,Spike,SARS-CoV-2,0
1,TRA,CVVNEGNDMRF,TRAV12-1*01,TRAJ43*01,HomoSapiens,HLA-A*02,B2M,MHCI,YLQPRTFLL,Spike,SARS-CoV-2,0
1,TRA,CVVNERDDMRF,TRAV12-1*01,TRAJ43*01,HomoSapiens,HLA-A*02,B2M,MHCI,YLQPRTFLL,Spike,SARS-CoV-2,0
1,TRA,CVVNERDNLFF,TRAV12-1*01,TRAJ36*01,HomoSapiens,HLA-A*02,B2M,MHCI,YLQPRTFLL,Spike,SARS-CoV-2,0
1,TRA,CVVNGGNDMRF,TRAV12-1*01,TRAJ43*01,HomoSapiens,HLA-A*02,B2M,MHCI,YLQPRTFLL,Spike,SARS-CoV-2,0
1,TRA,CVVNIDTDKLIF,TRAV12-1*01,TRAJ34*01,HomoSapiens,HLA-A*02,B2M,MHCI,YLQPRTFLL,Spike,SARS-CoV-2,0
1,TRA,CVVNKEDDMRF,TRAV12-1*01,TRAJ43*01,HomoSapiens,HLA-A*02,B2M,MHCI,YLQPRTFLL,Spike,SARS-CoV-2,0
1,TRA,CVVNKGNDMRF,TRAV12-1*01,TRAJ43*01,HomoSapiens,HLA-A*02,B2M,MHCI,YLQPRTFLL,Spike,SARS-CoV-2,0
1,TRA,CVVNKPGAGSYQLTF,TRAV12-1*01,TRAJ28*01,HomoSapiens,HLA-A*02,B2M,MHCI,YLQPRTFLL,Spike,SARS-CoV-2,0
1,TRA,CVVNKPQAGTALIF,TRAV12-1*01,TRAJ15*01,HomoSapiens,HLA-A*02,B2M,MHCI,YLQPRTFLL,Spike,SARS-CoV-2,0
1,TRA,CVVNKQDDMRF,TRAV12-1*01,TRAJ43*01,HomoSapiens,HLA-A*02,B2M,MHCI,YLQPRTFLL,Spike,SARS-CoV-2,0
1,TRA,CVVNMDTDKLIF,TRAV12-1*01,TRAJ34*01,HomoSapiens,HLA-A*02,B2M,MHCI,YLQPRTFLL,Spike,SARS-CoV-2,0
1,TRA,CVVNQGDKIIF,TRAV12-1*01,TRAJ30*01,HomoSapiens,HLA-A*02,B2M,MHCI,YLQPRTFLL,Spike,SARS-CoV-2,0
1,TRA,CVVNQPGAGSYQLTF,TRAV12-1*01,TRAJ28*01,HomoSapiens,HLA-A*02,B2M,MHCI,YLQPRTFLL,Spike,SARS-CoV-2,0
1,TRA,CVVNRDAGNMLTF,TRAV12-1*01,TRAJ39*01,HomoSapiens,HLA-A*02,B2M,MHCI,YLQPRTFLL,Spike,SARS-CoV-2,0
1,TRA,CVVNREDRLMF,TRAV12-1*01,TRAJ31*01,HomoSapiens,HLA-A*02,B2M,MHCI,YLQPRTFLL,Spike,SARS-CoV-2,0
1,TRA,CVVNRGDKIIF,TRAV12-1*01,TRAJ30*01,HomoSapiens,HLA-A*02,B2M,MHCI,YLQPRTFLL,Spike,SARS-CoV-2,0
1,TRA,CVVNRGNDMRF,TRAV12-1*01,TRAJ43*01,HomoSapiens,HLA-A*02,B2M,MHCI,YLQPRTFLL,Spike,SARS-CoV-2,0
1,TRA,CVVNRNTDKLIF,TRAV12-1*01,TRAJ34*01,HomoSapiens,HLA-A*02,B2M,MHCI,YLQPRTFLL,Spike,SARS-CoV-2,0
1,TRA,CVVNRPEAGTALIF,TRAV12-1*01,TRAJ15*01,HomoSapiens,HLA-A*02,B2M,MHCI,YLQPRTFLL,Spike,SARS-CoV-2,0
1,TRA,CVVNRRDDMRF,TRAV12-1*01,TRAJ43*01,HomoSapiens,HLA-A*02,B2M,MHCI,YLQPRTFLL,Spike,SARS-CoV-2,0
1,TRA,CVVNTNNDMRF,TRAV12-1*01,TRAJ43*01,HomoSapiens,HLA-A*02,B2M,MHCI,YLQPRTFLL,Spike,SARS-CoV-2,0
1,TRA,CVVNVNTDKLIF,TRAV12-1*01,TRAJ34*01,HomoSapiens,HLA-A*02,B2M,MHCI,YLQPRTFLL,Spike,SARS-CoV-2,0
1,TRA,CVVNWAYDDYKLSF,TRAV12-1*01,TRAJ20*01,HomoSapiens,HLA-A*02,B2M,MHCI,YLQPRTFLL,Spike,SARS-CoV-2,0
1,TRA,CVVNWEDKLVF,TRAV12-1*01,TRAJ47*01,HomoSapiens,HLA-A*02,B2M,MHCI,YLQPRTFLL,Spike,SARS-CoV-2,0
1,TRA,CVVNYDDKLIF,TRAV12-1*01,TRAJ34*01,HomoSapiens,HLA-A*02,B2M,MHCI,YLQPRTFLL,Spike,SARS-CoV-2,0
1,TRA,CVVNYNNDMRF,TRAV12-1*01,TRAJ43*01,HomoSapiens,HLA-A*02,B2M,MHCI,YLQPRTFLL,Spike,SARS-CoV-2,0
1,TRA,CALSSNDYKLSF,TRAV16*01,TRAJ20*01,HomoSapiens,HLA-A*02,B2M,MHCI,RLQSLQTYV,Spike,SARS-CoV-2,0
1,TRA,CAVNRENYGQNFVF,TRAV12-2*01,TRAJ26*01,HomoSapiens,HLA-A*02,B2M,MHCI,RLQSLQTYV,Spike,SARS-CoV-2,0
1,TRA,CAFRGDGYQLIW,TRAV38-2/DV8*01,TRAJ33*01,HomoSapiens,HLA-A*02,B2M,MHCI,RLQSLQTYV,Spike,SARS-CoV-2,0
1,TRA,CAGAPSDSNSGYALNF,TRAV27*01,TRAJ41*01,HomoSapiens,HLA-A*02,B2M,MHCI,RLQSLQTYV,Spike,SARS-CoV-2,0
1,TRA,CASNTGNQFYF,TRAV38-2/DV8*01,TRAJ49*01,HomoSapiens,HLA-A*02,B2M,MHCI,RLQSLQTYV,Spike,SARS-CoV-2,0
1,TRA,CADTDTGNQFYF,TRAV13-2*01,TRAJ49*01,HomoSapiens,HLA-A*02,B2M,MHCI,RLQSLQTYV,Spike,SARS-CoV-2,0
1,TRA,CVVNKNNDMRF,TRAV12-1*01,TRAJ43*01,HomoSapiens,HLA-A*02,B2M,MHCI,RLQSLQTYV,Spike,SARS-CoV-2,0
1,TRA,CALSANNTDKLIF,TRAV16*01,TRAJ34*01,HomoSapiens,HLA-A*02,B2M,MHCI,YLQPRTFLL,Spike,SARS-CoV-2,0
1,TRA,CAVNLGDKLSF,TRAV12-2*01,TRAJ20*01,HomoSapiens,HLA-A*02,B2M,MHCI,YLQPRTFLL,Spike,SARS-CoV-2,0
1,TRA,CAVNYGGDKLIF,TRAV12-2*01,TRAJ34*01,HomoSapiens,HLA-A*02,B2M,MHCI,YLQPRTFLL,Spike,SARS-CoV-2,0
1,TRA,CVVNDPRGGNKLTF,TRAV12-1*01,TRAJ10*01,HomoSapiens,HLA-A*02,B2M,MHCI,YLQPRTFLL,Spike,SARS-CoV-2,0
1,TRA,CVVNGRSNDMRF,TRAV12-1*01,TRAJ43*01,HomoSapiens,HLA-A*02,B2M,MHCI,YLQPRTFLL,Spike,SARS-CoV-2,0
1,TRA,CVVNSPLGNMLTF,TRAV12-1*01,TRAJ39*01,HomoSapiens,HLA-A*02,B2M,MHCI,YLQPRTFLL,Spike,SARS-CoV-2,0
1,TRA,CVVNWVSFQKLVF,TRAV12-1*01,TRAJ8*01,HomoSapiens,HLA-A*02,B2M,MHCI,YLQPRTFLL,Spike,SARS-CoV-2,0
1,TRA,CVVNSDQAGTALIF,TRAV12-1*01,TRAJ15*01,HomoSapiens,HLA-A*02,B2M,MHCI,YLQPRTFLL,Spike,SARS-CoV-2,0
1,TRA,CAVNSPSGGGNKLTF,TRAV12-2*01,TRAJ10*01,HomoSapiens,HLA-A*02,B2M,MHCI,YLQPRTFLL,Spike,SARS-CoV-2,0
1,TRA,CAPNFGNEKLTF,TRAV24*01,TRAJ48*01,HomoSapiens,HLA-A*02,B2M,MHCI,YLQPRTFLL,Spike,SARS-CoV-2,0
1,TRA,CVVNILNDMRF,TRAV12-1*01,TRAJ43*01,HomoSapiens,HLA-A*02,B2M,MHCI,YLQPRTFLL,Spike,SARS-CoV-2,0
1,TRA,CVVNWVTGGGNKLTF,TRAV12-1*01,TRAJ10*01,HomoSapiens,HLA-A*02,B2M,MHCI,YLQPRTFLL,Spike,SARS-CoV-2,0
1,TRA,CATPGWVASKIIF,TRAV17*01,TRAJ3*01,HomoSapiens,HLA-A*02,B2M,MHCI,YLQPRTFLL,Spike,SARS-CoV-2,0
1,TRA,CVVNGDNDMRF,TRAV12-1*01,TRAJ43*01,HomoSapiens,HLA-A*02,B2M,MHCI,YLQPRTFLL,Spike,SARS-CoV-2,0
1,TRA,CVVNSPEGNTPLVF,TRAV12-1*01,TRAJ29*01,HomoSapiens,HLA-A*02,B2M,MHCI,YLQPRTFLL,Spike,SARS-CoV-2,0
1,TRA,CVVNDPNSGNTPLVF,TRAV12-1*01,TRAJ29*01,HomoSapiens,HLA-A*02,B2M,MHCI,YLQPRTFLL,Spike,SARS-CoV-2,0
1,TRA,CVVNRDDGLTF,TRAV12-1*01,TRAJ45*01,HomoSapiens,HLA-A*02,B2M,MHCI,YLQPRTFLL,Spike,SARS-CoV-2,0
1,TRA,CVVNDPGAGSYQLTF,TRAV12-1*01,TRAJ28*01,HomoSapiens,HLA-A*02,B2M,MHCI,YLQPRTFLL,Spike,SARS-CoV-2,0
1,TRA,CALDYTNAGKSTF,TRAV6*01,TRAJ27*01,HomoSapiens,HLA-A*02,B2M,MHCI,YLQPRTFLL,Spike,SARS-CoV-2,0
1,TRA,CASPAVGTSYDKVIF,TRAV29/DV5*01,TRAJ50*01,HomoSapiens,HLA-A*02,B2M,MHCI,YLQPRTFLL,Spike,SARS-CoV-2,0
1,TRA,CVVGGDDMRF,TRAV12-1*01,TRAJ43*01,HomoSapiens,HLA-A*02,B2M,MHCI,YLQPRTFLL,Spike,SARS-CoV-2,0
1,TRA,CVVNKDNDMRF,TRAV12-1*01,TRAJ43*01,HomoSapiens,HLA-A*02,B2M,MHCI,YLQPRTFLL,Spike,SARS-CoV-2,0
1,TRA,CVVNHPNSGNTPLVF,TRAV12-1*01,TRAJ29*01,HomoSapiens,HLA-A*02,B2M,MHCI,YLQPRTFLL,Spike,SARS-CoV-2,0
1,TRA,CVVNQPGGYNKLIF,TRAV12-1*01,TRAJ4*01,HomoSapiens,HLA-A*02,B2M,MHCI,YLQPRTFLL,Spike,SARS-CoV-2,0
1,TRA,CAVNWTDKLIF,TRAV12-2*01,TRAJ34*01,HomoSapiens,HLA-A*02,B2M,MHCI,YLQPRTFLL,Spike,SARS-CoV-2,0
1,TRA,CALNYRDDKIIF,TRAV12-2*01,TRAJ30*01,HomoSapiens,HLA-A*02,B2M,MHCI,YLQPRTFLL,Spike,SARS-CoV-2,0
1,TRA,CVVNMQDRLMF,TRAV12-1*01,TRAJ31*01,HomoSapiens,HLA-A*02,B2M,MHCI,YLQPRTFLL,Spike,SARS-CoV-2,0
1,TRA,CVVNRPVAGTALIF,TRAV12-1*01,TRAJ15*01,HomoSapiens,HLA-A*02,B2M,MHCI,YLQPRTFLL,Spike,SARS-CoV-2,0
1,TRA,CVVNREDMLTF,TRAV12-1*01,TRAJ39*01,HomoSapiens,HLA-A*02,B2M,MHCI,YLQPRTFLL,Spike,SARS-CoV-2,0
1,TRA,CVVNRYDKIIF,TRAV12-1*01,TRAJ30*01,HomoSapiens,HLA-A*02,B2M,MHCI,YLQPRTFLL,Spike,SARS-CoV-2,0
1,TRA,CVVNSRDDMRF,TRAV12-1*01,TRAJ43*01,HomoSapiens,HLA-A*02,B2M,MHCI,YLQPRTFLL,Spike,SARS-CoV-2,0
1,TRA,CVVNDAIGGYNKLIF,TRAV12-1*01,TRAJ4*01,HomoSapiens,HLA-A*02,B2M,MHCI,YLQPRTFLL,Spike,SARS-CoV-2,0
1,TRA,CVPGGGGSYIPTF,TRAV12-1*01,TRAJ6*01,HomoSapiens,HLA-A*02,B2M,MHCI,YLQPRTFLL,Spike,SARS-CoV-2,0
1,TRA,CVVNGNNDMRF,TRAV12-1*01,TRAJ43*01,HomoSapiens,HLA-A*02,B2M,MHCI,YLQPRTFLL,Spike,SARS-CoV-2,0
1,TRA,CVVNQGNDMRF,TRAV12-1*01,TRAJ43*01,HomoSapiens,HLA-A*02,B2M,MHCI,YLQPRTFLL,Spike,SARS-CoV-2,0
1,TRA,CVVNSPTSGNTPLVF,TRAV12-1*01,TRAJ29*01,HomoSapiens,HLA-A*02,B2M,MHCI,YLQPRTFLL,Spike,SARS-CoV-2,0
1,TRA,CVVNGQDDMRF,TRAV12-1*01,TRAJ43*01,HomoSapiens,HLA-A*02,B2M,MHCI,YLQPRTFLL,Spike,SARS-CoV-2,0
1,TRA,CVVNSPGAGSYQLTF,TRAV12-1*01,TRAJ28*01,HomoSapiens,HLA-A*02,B2M,MHCI,YLQPRTFLL,Spike,SARS-CoV-2,0
1,TRA,CVVNSVNSGYALNF,TRAV12-1*01,TRAJ41*01,HomoSapiens,HLA-A*02,B2M,MHCI,YLQPRTFLL,Spike,SARS-CoV-2,0
1,TRA,CVVNGKSSGDKLTF,TRAV12-1*01,TRAJ46*01,HomoSapiens,HLA-A*02,B2M,MHCI,YLQPRTFLL,Spike,SARS-CoV-2,0
1,TRA,CVVNEGDRLMF,TRAV12-1*01,TRAJ31*01,HomoSapiens,HLA-A*02,B2M,MHCI,YLQPRTFLL,Spike,SARS-CoV-2,0
1,TRA,CVVNVVTGGGNKLTF,TRAV12-1*01,TRAJ10*01,HomoSapiens,HLA-A*02,B2M,MHCI,YLQPRTFLL,Spike,SARS-CoV-2,0
1,TRA,CAASEEAGGSQGNLIF,TRAV29/DV5*01,TRAJ42*01,HomoSapiens,HLA-A*02,B2M,MHCI,YLQPRTFLL,Spike,SARS-CoV-2,0
1,TRA,CATDALSAGNNRKLIW,TRAV17*01,TRAJ38*01,HomoSapiens,HLA-A*02,B2M,MHCI,YLQPRTFLL,Spike,SARS-CoV-2,0
1,TRA,CLVGDITLDDYKLSF,TRAV4*01,TRAJ20*01,HomoSapiens,HLA-A*02,B2M,MHCI,YLQPRTFLL,Spike,SARS-CoV-2,0
1,TRA,CVVNNPNSGYALNF,TRAV12-1*01,TRAJ41*01,HomoSapiens,HLA-A*02,B2M,MHCI,YLQPRTFLL,Spike,SARS-CoV-2,0
1,TRA,CAAVSSNDYKLSF,TRAV22*01,TRAJ20*01,HomoSapiens,HLA-A*02,B2M,MHCI,RLQSLQTYV,Spike,SARS-CoV-2,0
1,TRA,CAESMDNDMRF,TRAV5*01,TRAJ43*01,HomoSapiens,HLA-A*02,B2M,MHCI,RLQSLQTYV,Spike,SARS-CoV-2,0
1,TRA,CAGDSNDYKLSF,TRAV25*01,TRAJ20*01,HomoSapiens,HLA-A*02,B2M,MHCI,RLQSLQTYV,Spike,SARS-CoV-2,0
1,TRA,CALSGFNNAGNMLTF,TRAV16*01,TRAJ39*01,HomoSapiens,HLA-A*02,B2M,MHCI,RLQSLQTYV,Spike,SARS-CoV-2,0
1,TRA,CAVEEGSNYQLIW,TRAV22*01,TRAJ33*01,HomoSapiens,HLA-A*02,B2M,MHCI,RLQSLQTYV,Spike,SARS-CoV-2,0
1,TRA,CAPPGEGYQKVTF,TRAV9-2*01,TRAJ13*01,HomoSapiens,HLA-A*02,B2M,MHCI,YLQPRTFLL,Spike,SARS-CoV-2,0
1,TRA,CVVNSADKLIF,TRAV12-1*01,TRAJ34*01,HomoSapiens,HLA-A*02,B2M,MHCI,YLQPRTFLL,Spike,SARS-CoV-2,0
1,TRA,CVVNDNNDMRF,TRAV12-1*01,TRAJ43*01,HomoSapiens,HLA-A*02,B2M,MHCI,YLQPRTFLL,Spike,SARS-CoV-2,0
1,TRA,CAYRSARDDAGNMLTF,TRAV38-2/DV8*01,TRAJ39*01,HomoSapiens,HLA-A*02,B2M,MHCI,YLQPRTFLL,Spike,SARS-CoV-2,0
1,TRA,CVVNRLDDMRF,TRAV12-1*01,TRAJ43*01,HomoSapiens,HLA-A*02,B2M,MHCI,YLQPRTFLL,Spike,SARS-CoV-2,0
1,TRA,CVVNNGDRLMF,TRAV12-1*01,TRAJ31*01,HomoSapiens,HLA-A*02,B2M,MHCI,YLQPRTFLL,Spike,SARS-CoV-2,0
1,TRA,CAAPGTDKLIF,TRAV23/DV6*01,TRAJ34*01,HomoSapiens,HLA-A*02,B2M,MHCI,YLQPRTFLL,Spike,SARS-CoV-2,0
1,TRA,CVVNGGDKLIF,TRAV12-1*01,TRAJ34*01,HomoSapiens,HLA-A*02,B2M,MHCI,YLQPRTFLL,Spike,SARS-CoV-2,0
1,TRA,CVVNRADKLIF,TRAV12-1*01,TRAJ34*01,HomoSapiens,HLA-A*02,B2M,MHCI,YLQPRTFLL,Spike,SARS-CoV-2,0
1,TRA,CVVNSPSGNTPLVF,TRAV12-1*01,TRAJ29*01,HomoSapiens,HLA-A*02,B2M,MHCI,YLQPRTFLL,Spike,SARS-CoV-2,0
1,TRA,CVVNNQDDMRF,TRAV12-1*01,TRAJ43*01,HomoSapiens,HLA-A*02,B2M,MHCI,YLQPRTFLL,Spike,SARS-CoV-2,0
1,TRA,CAVITGTASKLTF,TRAV12-2*01,TRAJ44*01,HomoSapiens,HLA-A*02,B2M,MHCI,YLQPRTFLL,Spike,SARS-CoV-2,0
1,TRA,CVVNEGDKIIF,TRAV12-1*01,TRAJ30*01,HomoSapiens,HLA-A*02,B2M,MHCI,YLQPRTFLL,Spike,SARS-CoV-2,0
1,TRA,CAVELDDYKLSF,TRAV22*01,TRAJ20*01,HomoSapiens,HLA-A*02,B2M,MHCI,RLQSLQTYV,Spike,SARS-CoV-2,0
1,TRA,CAATDLGGSNAGNMLTF,TRAV13-1*01,TRAJ39*01,HomoSapiens,HLA-A*02,B2M,MHCI,RLQSLQTYV,Spike,SARS-CoV-2,0
1,TRA,CAVNALDDYKLSF,TRAV8-1*01,TRAJ20*01,HomoSapiens,HLA-A*02,B2M,MHCI,RLQSLQTYV,Spike,SARS-CoV-2,0
1,TRA,CVVNEGDKLVF,TRAV12-1*01,TRAJ47*01,HomoSapiens,HLA-A*02,B2M,MHCI,YLQPRTFLL,Spike,SARS-CoV-2,0
1,TRA,CAAWKTSYDKVIF,TRAV23/DV6*01,TRAJ50*01,HomoSapiens,HLA-A*02,B2M,MHCI,YLQPRTFLL,Spike,SARS-CoV-2,0
1,TRA,CVVNKEDMLTF,TRAV12-1*01,TRAJ39*01,HomoSapiens,HLA-A*02,B2M,MHCI,YLQPRTFLL,Spike,SARS-CoV-2,0
1,TRA,CVVNDDGNKLVF,TRAV12-1*01,TRAJ47*01,HomoSapiens,HLA-A*02,B2M,MHCI,YLQPRTFLL,Spike,SARS-CoV-2,0
1,TRA,CVVNGANNDMRF,TRAV12-1*01,TRAJ43*01,HomoSapiens,HLA-A*02,B2M,MHCI,YLQPRTFLL,Spike,SARS-CoV-2,0
1,TRA,CAPLTTSGTYKYIF,TRAV20*01,TRAJ40*01,HomoSapiens,HLA-A*02,B2M,MHCI,YLQPRTFLL,Spike,SARS-CoV-2,0
1,TRA,CLPTGGGNKLTF,TRAV40*01,TRAJ10*01,HomoSapiens,HLA-A*02,B2M,MHCI,YLQPRTFLL,Spike,SARS-CoV-2,0
1,TRA,CVVNWEDRLMF,TRAV12-1*01,TRAJ31*01,HomoSapiens,HLA-A*02,B2M,MHCI,YLQPRTFLL,Spike,SARS-CoV-2,0
1,TRA,CAVNGRDKIIF,TRAV12-2*01,TRAJ30*01,HomoSapiens,HLA-A*02,B2M,MHCI,YLQPRTFLL,Spike,SARS-CoV-2,0
1,TRA,CVVRPMLSNNRKLIW,TRAV10*01,TRAJ38*01,HomoSapiens,HLA-A*02,B2M,MHCI,YLQPRTFLL,Spike,SARS-CoV-2,0
1,TRA,CAVDNTGKLIF,TRAV2*01,TRAJ37*01,HomoSapiens,HLA-A*02,B2M,MHCI,VLNDILSRL,Spike,SARS-CoV-2,0
1,TRA,CVVPRGDRGSTLGRLYF,TRAV12-1*01,TRAJ18*01,HomoSapiens,HLA-A*02,B2M,MHCI,VLNDILSRL,Spike,SARS-CoV-2,0
1,TRA,CVVNGGDKIIF,TRAV12-1*01,TRAJ30*01,HomoSapiens,HLA-A*02,B2M,MHCI,YLQPRTFLL,Spike,SARS-CoV-2,0
1,TRA,CAETTHNAGNMLTF,TRAV13-2*01,TRAJ39*01,HomoSapiens,HLA-A*02,B2M,MHCI,YLQPRTFLL,Spike,SARS-CoV-2,0
1,TRA,CVVNGEDKLVF,TRAV12-1*01,TRAJ47*01,HomoSapiens,HLA-A*02,B2M,MHCI,YLQPRTFLL,Spike,SARS-CoV-2,0
1,TRA,CAGPIDSNTGKLIF,TRAV35*01,TRAJ37*01,HomoSapiens,HLA-A*02,B2M,MHCI,YLQPRTFLL,Spike,SARS-CoV-2,0
1,TRA,CVVNDLDDMRF,TRAV12-1*01,TRAJ43*01,HomoSapiens,HLA-A*02,B2M,MHCI,YLQPRTFLL,Spike,SARS-CoV-2,0
1,TRA,CAVNHRDDKIIF,TRAV12-2*01,TRAJ30*01,HomoSapiens,HLA-A*02,B2M,MHCI,YLQPRTFLL,Spike,SARS-CoV-2,0
1,TRA,CVVNDVGGSQGNLIF,TRAV12-1*01,TRAJ42*01,HomoSapiens,HLA-A*02,B2M,MHCI,YLQPRTFLL,Spike,SARS-CoV-2,0
1,TRA,CVVNMDDKIIF,TRAV12-1*01,TRAJ30*01,HomoSapiens,HLA-A*02,B2M,MHCI,YLQPRTFLL,Spike,SARS-CoV-2,0
1,TRA,CVVNQNNDMRF,TRAV12-1*01,TRAJ43*01,HomoSapiens,HLA-A*02,B2M,MHCI,YLQPRTFLL,Spike,SARS-CoV-2,0
1,TRA,CVVNLPSGNTPLVF,TRAV12-1*01,TRAJ29*01,HomoSapiens,HLA-A*02,B2M,MHCI,YLQPRTFLL,Spike,SARS-CoV-2,0
1,TRA,CVVNINTDKLIF,TRAV12-1*01,TRAJ34*01,HomoSapiens,HLA-A*02,B2M,MHCI,YLQPRTFLL,Spike,SARS-CoV-2,0
1,TRA,CVVNIGDDMRF,TRAV12-1*01,TRAJ43*01,HomoSapiens,HLA-A*02,B2M,MHCI,YLQPRTFLL,Spike,SARS-CoV-2,0
1,TRA,CVVNSYDALNF,TRAV12-1*01,TRAJ41*01,HomoSapiens,HLA-A*02,B2M,MHCI,YLQPRTFLL,Spike,SARS-CoV-2,0
1,TRA,CAETFYGNNRLAF,TRAV5*01,TRAJ7*01,HomoSapiens,HLA-A*02,B2M,MHCI,YLQPRTFLL,Spike,SARS-CoV-2,0
1,TRA,CVVNDPNSGYSTLTF,TRAV12-1*01,TRAJ11*01,HomoSapiens,HLA-A*02,B2M,MHCI,YLQPRTFLL,Spike,SARS-CoV-2,0
1,TRA,CVVNKNDKLIF,TRAV12-1*01,TRAJ34*01,HomoSapiens,HLA-A*02,B2M,MHCI,YLQPRTFLL,Spike,SARS-CoV-2,0
1,TRA,CVVNWDNNDMRF,TRAV12-1*01,TRAJ43*01,HomoSapiens,HLA-A*02,B2M,MHCI,YLQPRTFLL,Spike,SARS-CoV-2,0
1,TRA,CAVAGSNFGNEKLTF,TRAV12-2*01,TRAJ48*01,HomoSapiens,HLA-A*02,B2M,MHCI,YLQPRTFLL,Spike,SARS-CoV-2,0
1,TRA,CAVNEDDKIIF,TRAV12-2*01,TRAJ30*01,HomoSapiens,HLA-A*02,B2M,MHCI,YLQPRTFLL,Spike,SARS-CoV-2,0
1,TRA,CVVNGLNDMRF,TRAV12-1*01,TRAJ43*01,HomoSapiens,HLA-A*02,B2M,MHCI,YLQPRTFLL,Spike,SARS-CoV-2,0
1,TRA,CVVNHNQGGKLIF,TRAV12-1*01,TRAJ23*01,HomoSapiens,HLA-A*02,B2M,MHCI,YLQPRTFLL,Spike,SARS-CoV-2,0
1,TRA,CVVNIPSGNTPLVF,TRAV12-1*01,TRAJ29*01,HomoSapiens,HLA-A*02,B2M,MHCI,YLQPRTFLL,Spike,SARS-CoV-2,0
1,TRA,CVVNKNDKIIF,TRAV12-1*01,TRAJ30*01,HomoSapiens,HLA-A*02,B2M,MHCI,YLQPRTFLL,Spike,SARS-CoV-2,0
1,TRA,CVVNMGDDMRF,TRAV12-1*01,TRAJ43*01,HomoSapiens,HLA-A*02,B2M,MHCI,YLQPRTFLL,Spike,SARS-CoV-2,0
1,TRA,CVVNNPNAGNMLTF,TRAV12-1*01,TRAJ39*01,HomoSapiens,HLA-A*02,B2M,MHCI,YLQPRTFLL,Spike,SARS-CoV-2,0
1,TRA,CVVNENNDMRF,TRAV12-1*01,TRAJ43*01,HomoSapiens,HLA-A*02,B2M,MHCI,YLQPRTFLL,Spike,SARS-CoV-2,0
1,TRA,CAVRPMPYNQGGKLIF,TRAV1-1*01,TRAJ23*01,HomoSapiens,HLA-A*02,B2M,MHCI,YLQPRTFLL,Spike,SARS-CoV-2,0
1,TRA,CAENPNTGGFKTIF,TRAV13-2*01,TRAJ9*01,HomoSapiens,HLA-A*02,B2M,MHCI,YLQPRTFLL,Spike,SARS-CoV-2,0
1,TRA,CVVNNMDDMRF,TRAV12-1*01,TRAJ43*01,HomoSapiens,HLA-A*02,B2M,MHCI,YLQPRTFLL,Spike,SARS-CoV-2,0
1,TRA,CVVNMYDKIIF,TRAV12-1*01,TRAJ30*01,HomoSapiens,HLA-A*02,B2M,MHCI,YLQPRTFLL,Spike,SARS-CoV-2,0
1,TRA,CVVNKRDDMRF,TRAV12-1*01,TRAJ43*01,HomoSapiens,HLA-A*02,B2M,MHCI,YLQPRTFLL,Spike,SARS-CoV-2,0
1,TRA,CVVNKADKLIF,TRAV12-1*01,TRAJ34*01,HomoSapiens,HLA-A*02,B2M,MHCI,YLQPRTFLL,Spike,SARS-CoV-2,0
1,TRA,CAEGVVPDKLIF,TRAV21*01,TRAJ34*01,HomoSapiens,HLA-A*02,B2M,MHCI,YLQPRTFLL,Spike,SARS-CoV-2,0
1,TRA,CVVNRYDELSF,TRAV12-1*01,TRAJ20*01,HomoSapiens,HLA-A*02,B2M,MHCI,YLQPRTFLL,Spike,SARS-CoV-2,0
1,TRA,CAMREGEEYGNKLVF,TRAV14/DV4*01,TRAJ47*01,HomoSapiens,HLA-A*02,B2M,MHCI,YLQPRTFLL,Spike,SARS-CoV-2,0
1,TRA,CAASIGGGSYIPTF,TRAV13-1*01,TRAJ6*01,HomoSapiens,HLA-A*02,B2M,MHCI,YLQPRTFLL,Spike,SARS-CoV-2,0
1,TRA,CVVNWGTDKLIF,TRAV12-1*01,TRAJ34*01,HomoSapiens,HLA-A*02,B2M,MHCI,YLQPRTFLL,Spike,SARS-CoV-2,0
1,TRA,CAEKQYGSARQLTF,TRAV13-2*01,TRAJ22*01,HomoSapiens,HLA-A*02,B2M,MHCI,YLQPRTFLL,Spike,SARS-CoV-2,0
1,TRA,CVVNKEARLMF,TRAV12-1*01,TRAJ31*01,HomoSapiens,HLA-A*02,B2M,MHCI,YLQPRTFLL,Spike,SARS-CoV-2,0
1,TRA,CVVNAGNMLTF,TRAV12-1*01,TRAJ39*01,HomoSapiens,HLA-A*02,B2M,MHCI,YLQPRTFLL,Spike,SARS-CoV-2,0
1,TRA,CVVNIMDDMRF,TRAV12-1*01,TRAJ43*01,HomoSapiens,HLA-A*02,B2M,MHCI,YLQPRTFLL,Spike,SARS-CoV-2,0
1,TRA,CVVNWEARLMF,TRAV12-1*01,TRAJ31*01,HomoSapiens,HLA-A*02,B2M,MHCI,YLQPRTFLL,Spike,SARS-CoV-2,0
1,TRA,CAVNGGDKIIF,TRAV12-2*01,TRAJ30*01,HomoSapiens,HLA-A*02,B2M,MHCI,YLQPRTFLL,Spike,SARS-CoV-2,0
1,TRA,CVVNKPEGNTPLVF,TRAV12-1*01,TRAJ29*01,HomoSapiens,HLA-A*02,B2M,MHCI,YLQPRTFLL,Spike,SARS-CoV-2,0
1,TRA,CAVNDNDKIIF,TRAV12-2*01,TRAJ30*01,HomoSapiens,HLA-A*02,B2M,MHCI,YLQPRTFLL,Spike,SARS-CoV-2,0
1,TRA,CVVNDRDKLIF,TRAV12-1*01,TRAJ34*01,HomoSapiens,HLA-A*02,B2M,MHCI,YLQPRTFLL,Spike,SARS-CoV-2,0
1,TRA,CAVNTDKLIF,TRAV12-2*01,TRAJ34*01,HomoSapiens,HLA-A*02,B2M,MHCI,YLQPRTFLL,Spike,SARS-CoV-2,0
1,TRA,CVVNDAATGTALIF,TRAV12-1*01,TRAJ15*01,HomoSapiens,HLA-A*02,B2M,MHCI,YLQPRTFLL,Spike,SARS-CoV-2,0
1,TRA,CVVNEMDDMRF,TRAV12-1*01,TRAJ43*01,HomoSapiens,HLA-A*02,B2M,MHCI,YLQPRTFLL,Spike,SARS-CoV-2,0
1,TRA,CAEKTGSYIPTF,TRAV13-2*01,TRAJ6*01,HomoSapiens,HLA-A*02,B2M,MHCI,YLQPRTFLL,Spike,SARS-CoV-2,0
1,TRA,CVVNIPHDYKLSF,TRAV12-1*01,TRAJ20*01,HomoSapiens,HLA-A*02,B2M,MHCI,YLQPRTFLL,Spike,SARS-CoV-2,0
1,TRA,CVVNTPGYSTLTF,TRAV12-1*01,TRAJ11*01,HomoSapiens,HLA-A*02,B2M,MHCI,YLQPRTFLL,Spike,SARS-CoV-2,0
1,TRA,CIVRVEAGTASKLTF,TRAV26-1*01,TRAJ44*01,HomoSapiens,HLA-A*02,B2M,MHCI,YLQPRTFLL,Spike,SARS-CoV-2,0
1,TRA,CVVNMFDDMRF,TRAV12-1*01,TRAJ43*01,HomoSapiens,HLA-A*02,B2M,MHCI,YLQPRTFLL,Spike,SARS-CoV-2,0
1,TRA,CVVNRMNDMRF,TRAV12-1*01,TRAJ43*01,HomoSapiens,HLA-A*02,B2M,MHCI,YLQPRTFLL,Spike,SARS-CoV-2,0
1,TRA,CAPNRDDKIIF,TRAV16*01,TRAJ30*01,HomoSapiens,HLA-A*02,B2M,MHCI,YLQPRTFLL,Spike,SARS-CoV-2,0
1,TRA,CVVNTLDDMRF,TRAV12-1*01,TRAJ43*01,HomoSapiens,HLA-A*02,B2M,MHCI,YLQPRTFLL,Spike,SARS-CoV-2,0
1,TRA,CVVNWGDKLIF,TRAV12-1*01,TRAJ34*01,HomoSapiens,HLA-A*02,B2M,MHCI,YLQPRTFLL,Spike,SARS-CoV-2,0
1,TRA,CVVNLPEGNTPLVF,TRAV12-1*01,TRAJ29*01,HomoSapiens,HLA-A*02,B2M,MHCI,YLQPRTFLL,Spike,SARS-CoV-2,0
1,TRA,CVVNKGNGLTF,TRAV12-1*01,TRAJ45*01,HomoSapiens,HLA-A*02,B2M,MHCI,YLQPRTFLL,Spike,SARS-CoV-2,0
1,TRA,CVVNKNDDMRF,TRAV12-1*01,TRAJ43*01,HomoSapiens,HLA-A*02,B2M,MHCI,YLQPRTFLL,Spike,SARS-CoV-2,0
1,TRA,CAVNRGDKLIF,TRAV12-2*01,TRAJ34*01,HomoSapiens,HLA-A*02,B2M,MHCI,YLQPRTFLL,Spike,SARS-CoV-2,0
1,TRA,CVVNDPNSGYALNF,TRAV12-1*01,TRAJ41*01,HomoSapiens,HLA-A*02,B2M,MHCI,YLQPRTFLL,Spike,SARS-CoV-2,0
1,TRA,CVVNEDTDKLIF,TRAV12-1*01,TRAJ34*01,HomoSapiens,HLA-A*02,B2M,MHCI,YLQPRTFLL,Spike,SARS-CoV-2,0
1,TRA,CVVNNHNDMRF,TRAV12-1*01,TRAJ43*01,HomoSapiens,HLA-A*02,B2M,MHCI,YLQPRTFLL,Spike,SARS-CoV-2,0
1,TRA,CARFPDTGANSKLTF,TRAV14/DV4*01,TRAJ56*01,HomoSapiens,HLA-A*02,B2M,MHCI,YLQPRTFLL,Spike,SARS-CoV-2,0
1,TRA,CVVNMVHSGNTPLVF,TRAV12-1*01,TRAJ29*01,HomoSapiens,HLA-A*02,B2M,MHCI,YLQPRTFLL,Spike,SARS-CoV-2,0
1,TRA,CVVNSPNSGNTPLVF,TRAV12-1*01,TRAJ29*01,HomoSapiens,HLA-A*02,B2M,MHCI,YLQPRTFLL,Spike,SARS-CoV-2,0
1,TRA,CVVILIKAAGNKLTF,TRAV10*01,TRAJ17*01,HomoSapiens,HLA-A*02,B2M,MHCI,YLQPRTFLL,Spike,SARS-CoV-2,0
1,TRA,CVVNNPGAGSYQLTF,TRAV12-1*01,TRAJ28*01,HomoSapiens,HLA-A*02,B2M,MHCI,YLQPRTFLL,Spike,SARS-CoV-2,0
1,TRA,CAASSTPTGANSKLTF,TRAV23/DV6*01,TRAJ56*01,HomoSapiens,HLA-A*02,B2M,MHCI,YLQPRTFLL,Spike,SARS-CoV-2,0
1,TRA,CVVNHGNDMRF,TRAV12-1*01,TRAJ43*01,HomoSapiens,HLA-A*02,B2M,MHCI,YLQPRTFLL,Spike,SARS-CoV-2,0
1,TRA,CVVNEEDRLMF,TRAV12-1*01,TRAJ31*01,HomoSapiens,HLA-A*02,B2M,MHCI,YLQPRTFLL,Spike,SARS-CoV-2,0
1,TRA,CVVNRDDKLIF,TRAV12-1*01,TRAJ34*01,HomoSapiens,HLA-A*02,B2M,MHCI,YLQPRTFLL,Spike,SARS-CoV-2,0
1,TRA,CVVNSGAGSYQLTF,TRAV12-1*01,TRAJ28*01,HomoSapiens,HLA-A*02,B2M,MHCI,YLQPRTFLL,Spike,SARS-CoV-2,0
1,TRA,CVVNGLEGYSTLTF,TRAV12-1*01,TRAJ11*01,HomoSapiens,HLA-A*02,B2M,MHCI,YLQPRTFLL,Spike,SARS-CoV-2,0
1,TRA,CVVNREDNLFF,TRAV12-1*01,TRAJ36*01,HomoSapiens,HLA-A*02,B2M,MHCI,YLQPRTFLL,Spike,SARS-CoV-2,0
1,TRA,CVVNMEAGNMLTF,TRAV12-1*01,TRAJ39*01,HomoSapiens,HLA-A*02,B2M,MHCI,YLQPRTFLL,Spike,SARS-CoV-2,0
1,TRA,CVVNAGNDMRF,TRAV12-1*01,TRAJ43*01,HomoSapiens,HLA-A*02,B2M,MHCI,YLQPRTFLL,Spike,SARS-CoV-2,0
1,TRA,CVVNEENDMRF,TRAV12-1*01,TRAJ43*01,HomoSapiens,HLA-A*02,B2M,MHCI,YLQPRTFLL,Spike,SARS-CoV-2,0
1,TRA,CVVNYLDMRF,TRAV10*01,TRAJ43*01,HomoSapiens,HLA-A*02,B2M,MHCI,YLQPRTFLL,Spike,SARS-CoV-2,0
1,TRA,CVVTPKASGYSTLTF,TRAV12-1*01,TRAJ11*01,HomoSapiens,HLA-A*02,B2M,MHCI,YLQPRTFLL,Spike,SARS-CoV-2,0
1,TRA,CAELPRLYGNNRLAF,TRAV13-2*01,TRAJ7*01,HomoSapiens,HLA-A*02,B2M,MHCI,YLQPRTFLL,Spike,SARS-CoV-2,0
1,TRA,CAPEENAGNNRKLIW,TRAV1-2*01,TRAJ38*01,HomoSapiens,HLA-A*02,B2M,MHCI,YLQPRTFLL,Spike,SARS-CoV-2,0
1,TRA,CVVNRGDDMRF,TRAV12-1*01,TRAJ43*01,HomoSapiens,HLA-A*02,B2M,MHCI,YLQPRTFLL,Spike,SARS-CoV-2,0
1,TRA,CVVNEKAGNMLTF,TRAV12-1*01,TRAJ39*01,HomoSapiens,HLA-A*02,B2M,MHCI,YLQPRTFLL,Spike,SARS-CoV-2,0
1,TRA,CVVNGRGDDMRF,TRAV12-1*01,TRAJ43*01,HomoSapiens,HLA-A*02,B2M,MHCI,YLQPRTFLL,Spike,SARS-CoV-2,0
1,TRA,CVVNMGAGNMLTF,TRAV12-1*01,TRAJ39*01,HomoSapiens,HLA-A*02,B2M,MHCI,YLQPRTFLL,Spike,SARS-CoV-2,0
1,TRA,CVVNWENKLVF,TRAV12-1*01,TRAJ47*01,HomoSapiens,HLA-A*02,B2M,MHCI,YLQPRTFLL,Spike,SARS-CoV-2,0
1,TRA,CVVNHGDKLVF,TRAV12-1*01,TRAJ47*01,HomoSapiens,HLA-A*02,B2M,MHCI,YLQPRTFLL,Spike,SARS-CoV-2,0
1,TRA,CVVNLDTDKLIF,TRAV12-1*01,TRAJ34*01,HomoSapiens,HLA-A*02,B2M,MHCI,YLQPRTFLL,Spike,SARS-CoV-2,0
1,TRA,CVVNEGGGNKLTF,TRAV12-1*01,TRAJ10*01,HomoSapiens,HLA-A*02,B2M,MHCI,YLQPRTFLL,Spike,SARS-CoV-2,0
1,TRA,CVVSSANSNSGYALNF,TRAV10*01,TRAJ41*01,HomoSapiens,HLA-A*02,B2M,MHCI,YLQPRTFLL,Spike,SARS-CoV-2,0
1,TRA,CVVNLNQAGTALIF,TRAV12-1*01,TRAJ15*01,HomoSapiens,HLA-A*02,B2M,MHCI,YLQPRTFLL,Spike,SARS-CoV-2,0
1,TRA,CVVNHYDDMRF,TRAV12-1*01,TRAJ43*01,HomoSapiens,HLA-A*02,B2M,MHCI,YLQPRTFLL,Spike,SARS-CoV-2,0
1,TRA,CVVNKGDALNF,TRAV12-1*01,TRAJ41*01,HomoSapiens,HLA-A*02,B2M,MHCI,YLQPRTFLL,Spike,SARS-CoV-2,0
1,TRA,CVVNGNTDKLIF,TRAV12-1*01,TRAJ34*01,HomoSapiens,HLA-A*02,B2M,MHCI,YLQPRTFLL,Spike,SARS-CoV-2,0
1,TRA,CAPNTGGFKTIF,TRAV19*01,TRAJ9*01,HomoSapiens,HLA-A*02,B2M,MHCI,YLQPRTFLL,Spike,SARS-CoV-2,0
1,TRA,CVVNWPSGNTPLVF,TRAV12-1*01,TRAJ29*01,HomoSapiens,HLA-A*02,B2M,MHCI,YLQPRTFLL,Spike,SARS-CoV-2,0
1,TRA,CVVNAPQGNTPLVF,TRAV12-1*01,TRAJ29*01,HomoSapiens,HLA-A*02,B2M,MHCI,YLQPRTFLL,Spike,SARS-CoV-2,0
1,TRA,CAETYTGNQFYF,TRAV13-2*01,TRAJ49*01,HomoSapiens,HLA-A*02,B2M,MHCI,RLQSLQTYV,Spike,SARS-CoV-2,1
1,TRA,CAESSNYGGSQGNLIF,TRAV13-2*01,TRAJ42*01,HomoSapiens,HLA-A*02,B2M,MHCI,ALNTLVKQL,Spike,SARS-CoV-2,1
1,TRA,CASSGNTPLVF,TRAV38-2/DV8*01,TRAJ29*01,HomoSapiens,HLA-A*02,B2M,MHCI,RLQSLQTYV,Spike,SARS-CoV-2,1
0,TRA,CAVRGSLNTGF,TRAV12-3*01,TRAJ26*01,HomoSapiens,HLA-A*02,B2M,MHCI,YLQPRTFLL,Spike,SARS-CoV-2,0
0,TRA,CAGDDKIIF,TRAV10*01,TRAJ26*01,HomoSapiens,HLA-A*02,B2M,MHCI,YLQPRTFLL,Spike,SARS-CoV-2,0
0,TRA,CAMAYGQNF,TRAV12-1*01,TRAJ20*01,HomoSapiens,HLA-A*02,B2M,MHCI,YLQPRTFLL,Spike,SARS-CoV-2,0
0,TRA,CAGEGGDTGGTIDKLTF,TRAV12-1*01,TRAJ41*01,HomoSapiens,HLA-A*02,B2M,MHCI,YLQPRTFLL,Spike,SARS-CoV-2,0
0,TRA,CAMRGGGRVNNNARLMF,TRAV12-1*01,TRAJ43*01,HomoSapiens,HLA-A*02,B2M,MHCI,YLQPRTFLL,Spike,SARS-CoV-2,0
0,TRA,CAGEAGQKLLF,TRAV12-2*01,TRAJ30*01,HomoSapiens,HLA-A*02,B2M,MHCI,YLQPRTFLL,Spike,SARS-CoV-2,0
0,TRA,CVVNMGNNAGNMLTF,TRAV12-1*01,TRAJ43*01,HomoSapiens,HLA-A*02,B2M,MHCI,YLQPRTFLL,Spike,SARS-CoV-2,0
0,TRA,CALETGMNYGGSQGNLIF,TRAV12-1*01,TRAJ34*01,HomoSapiens,HLA-A*02,B2M,MHCI,YLQPRTFLL,Spike,SARS-CoV-2,0
0,TRA,CAVSEVGSTF,TRAV12-1*01,TRAJ17*01,HomoSapiens,HLA-A*02,B2M,MHCI,YLQPRTFLL,Spike,SARS-CoV-2,0
0,TRA,CASGSGGGADGLTF,TRAV12-1*01,TRAJ30*01,HomoSapiens,HLA-A*02,B2M,MHCI,YLQPRTFLL,Spike,SARS-CoV-2,0
0,TRA,CAGRVYSTF,TRAV12-1*01,TRAJ34*01,HomoSapiens,HLA-A*02,B2M,MHCI,YLQPRTFLL,Spike,SARS-CoV-2,0
0,TRA,CAVSEGLSTF,TRAV12-1*01,TRAJ30*01,HomoSapiens,HLA-A*02,B2M,MHCI,YLQPRTFLL,Spike,SARS-CoV-2,0
0,TRA,CAGRPMEYGNKLVF,TRAV12-1*01,TRAJ43*01,HomoSapiens,HLA-A*02,B2M,MHCI,YLQPRTFLL,Spike,SARS-CoV-2,0
0,TRA,CAVRESSESITSQLQF,TRAV12-1*01,TRAJ34*01,HomoSapiens,HLA-A*02,B2M,MHCI,YLQPRTFLL,Spike,SARS-CoV-2,0
0,TRA,CAENRGEVEYGNKLVF,TRAV12-1*01,TRAJ15*01,HomoSapiens,HLA-A*02,B2M,MHCI,YLQPRTFLL,Spike,SARS-CoV-2,0
0,TRA,CAFSRPPGGTIDKLTF,TRAV12-1*01,TRAJ15*01,HomoSapiens,HLA-A*02,B2M,MHCI,YLQPRTFLL,Spike,SARS-CoV-2,0
0,TRA,CAMSVEAPLPYNTDKLIF,TRAV12-1*01,TRAJ31*01,HomoSapiens,HLA-A*02,B2M,MHCI,YLQPRTFLL,Spike,SARS-CoV-2,0
0,TRA,CAGEAEIYSTF,TRAV12-1*01,TRAJ29*01,HomoSapiens,HLA-A*02,B2M,MHCI,YLQPRTFLL,Spike,SARS-CoV-2,0
0,TRA,CAHGGRMDSSYKLIF,TRAV12-1*01,TRAJ30*01,HomoSapiens,HLA-A*02,B2M,MHCI,YLQPRTFLL,Spike,SARS-CoV-2,0
0,TRA,CAVGRGSNDYKLSF,TRAV12-1*01,TRAJ30*01,HomoSapiens,HLA-A*02,B2M,MHCI,YLQPRTFLL,Spike,SARS-CoV-2,0
0,TRA,CATDEEANAGGTSYGKLTF,TRAV12-1*01,TRAJ43*01,HomoSapiens,HLA-A*02,B2M,MHCI,YLQPRTFLL,Spike,SARS-CoV-2,0
0,TRA,CAVREDDTGGTIDKLTF,TRAV12-1*01,TRAJ41*01,HomoSapiens,HLA-A*02,B2M,MHCI,YLQPRTFLL,Spike,SARS-CoV-2,0
0,TRA,CAENCRNF,TRAV25*01,TRAJ47*01,HomoSapiens,HLA-A*02,B2M,MHCI,YLQPRTFLL,Spike,SARS-CoV-2,0
0,TRA,CAVDMGNTGGTIDKLTF,TRAV12-1*01,TRAJ30*01,HomoSapiens,HLA-A*02,B2M,MHCI,YLQPRTFLL,Spike,SARS-CoV-2,0
0,TRA,CASVPGNYGGATNKLIF,TRAV12-1*01,TRAJ39*01,HomoSapiens,HLA-A*02,B2M,MHCI,YLQPRTFLL,Spike,SARS-CoV-2,0
0,TRA,CAESTGSYNQGGKLIF,TRAV12-1*01,TRAJ34*01,HomoSapiens,HLA-A*02,B2M,MHCI,YLQPRTFLL,Spike,SARS-CoV-2,0
0,TRA,CIVRVGEPF,TRAV12-1*01,TRAJ43*01,HomoSapiens,HLA-A*02,B2M,MHCI,YLQPRTFLL,Spike,SARS-CoV-2,0
0,TRA,CALSEIYGGSQGNLIF,TRAV12-1*01,TRAJ43*01,HomoSapiens,HLA-A*02,B2M,MHCI,YLQPRTFLL,Spike,SARS-CoV-2,0
0,TRA,CAFMKRSPF,TRAV12-1*01,TRAJ43*01,HomoSapiens,HLA-A*02,B2M,MHCI,YLQPRTFLL,Spike,SARS-CoV-2,0
0,TRA,CAVEKGLTSYDKVIF,TRAV12-1*01,TRAJ43*01,HomoSapiens,HLA-A*02,B2M,MHCI,YLQPRTFLL,Spike,SARS-CoV-2,0
0,TRA,CAFMKQGGNKLVF,TRAV12-1*01,TRAJ47*01,HomoSapiens,HLA-A*02,B2M,MHCI,YLQPRTFLL,Spike,SARS-CoV-2,0
0,TRA,CAERGDTNAGKSTF,TRAV12-2*01,TRAJ30*01,HomoSapiens,HLA-A*02,B2M,MHCI,YLQPRTFLL,Spike,SARS-CoV-2,0
0,TRA,CALSEVTGGF,TRAV12-1*01,TRAJ43*01,HomoSapiens,HLA-A*02,B2M,MHCI,YLQPRTFLL,Spike,SARS-CoV-2,0
0,TRA,CIVRVAALNTGTASKLTF,TRAV12-1*01,TRAJ30*01,HomoSapiens,HLA-A*02,B2M,MHCI,YLQPRTFLL,Spike,SARS-CoV-2,0
0,TRA,CAMREGRKIQGAQKLVF,TRAV1-2*01,TRAJ42*01,HomoSapiens,HLA-A*02,B2M,MHCI,YLQPRTFLL,Spike,SARS-CoV-2,0
0,TRA,CAENIRANSGGSNYKLTF,TRAV12-1*01,TRAJ43*01,HomoSapiens,HLA-A*02,B2M,MHCI,YLQPRTFLL,Spike,SARS-CoV-2,0
0,TRA,CAVEVPRDRGSTLGRLYF,TRAV12-1*01,TRAJ29*01,HomoSapiens,HLA-A*02,B2M,MHCI,YLQPRTFLL,Spike,SARS-CoV-2,0
0,TRA,CALRDTRRRALTF,TRAV29/DV5*01,TRAJ40*01,HomoSapiens,HLA-A*02,B2M,MHCI,ALNTLVKQL,Spike,SARS-CoV-2,0
0,TRA,CALPLDNF,TRAV39*01,TRAJ20*01,HomoSapiens,HLA-A*02,B2M,MHCI,RLQSLQTYV,Spike,SARS-CoV-2,0
0,TRA,CAVGETIYNQGGKLIF,TRAV38-1*01,TRAJ54*01,HomoSapiens,HLA-A*02,B2M,MHCI,RLQSLQTYV,Spike,SARS-CoV-2,0
0,TRA,CAVGAVRDNYGQNF,TRAV39*01,TRAJ33*01,HomoSapiens,HLA-A*02,B2M,MHCI,RLQSLQTYV,Spike,SARS-CoV-2,0
0,TRA,CAVRDTRSQVNARLMF,TRAV13-2*01,TRAJ49*01,HomoSapiens,HLA-A*02,B2M,MHCI,RLQSLQTYV,Spike,SARS-CoV-2,0
0,TRA,CAVSEILWGWELPTHF,TRAV13-2*01,TRAJ49*01,HomoSapiens,HLA-A*02,B2M,MHCI,RLQSLQTYV,Spike,SARS-CoV-2,0
0,TRA,CALVEMLNF,TRAV12-1*01,TRAJ43*01,HomoSapiens,HLA-A*02,B2M,MHCI,YLQPRTFLL,Spike,SARS-CoV-2,0
0,TRA,CAVGPGRRGQTGANNLFF,TRAV12-2*01,TRAJ30*01,HomoSapiens,HLA-A*02,B2M,MHCI,YLQPRTFLL,Spike,SARS-CoV-2,0
0,TRA,CAFIRPPGGSYIPTF,TRAV12-2*01,TRAJ39*01,HomoSapiens,HLA-A*02,B2M,MHCI,YLQPRTFLL,Spike,SARS-CoV-2,0
0,TRA,CALSSRTGANNLFF,TRAV12-1*01,TRAJ43*01,HomoSapiens,HLA-A*02,B2M,MHCI,YLQPRTFLL,Spike,SARS-CoV-2,0
0,TRA,CVVSDGGTGANSKLTF,TRAV12-1*01,TRAJ43*01,HomoSapiens,HLA-A*02,B2M,MHCI,YLQPRTFLL,Spike,SARS-CoV-2,0
0,TRA,CAMREGLREGGNTGGF,TRAV12-1*01,TRAJ34*01,HomoSapiens,HLA-A*02,B2M,MHCI,YLQPRTFLL,Spike,SARS-CoV-2,0
0,TRA,CAVGGNNAGNMLTF,TRAV12-1*01,TRAJ43*01,HomoSapiens,HLA-A*02,B2M,MHCI,YLQPRTFLL,Spike,SARS-CoV-2,0
0,TRA,CAVGAPSGGSYIPTF,TRAV12-1*01,TRAJ29*01,HomoSapiens,HLA-A*02,B2M,MHCI,YLQPRTFLL,Spike,SARS-CoV-2,0
0,TRA,CIVRVALPPSCNLAKEPEF,TRAV12-1*01,TRAJ31*01,HomoSapiens,HLA-A*02,B2M,MHCI,YLQPRTFLL,Spike,SARS-CoV-2,0
0,TRA,CALSGGPSDYGNNRLAF,TRAV19*01,TRAJ40*01,HomoSapiens,HLA-A*02,B2M,MHCI,YLQPRTFLL,Spike,SARS-CoV-2,0
0,TRA,CAVEEHTGGF,TRAV2*01,TRAJ33*01,HomoSapiens,HLA-A*02,B2M,MHCI,YLQPRTFLL,Spike,SARS-CoV-2,0
0,TRA,CAMREEARRTGANNLFF,TRAV12-1*01,TRAJ36*01,HomoSapiens,HLA-A*02,B2M,MHCI,YLQPRTFLL,Spike,SARS-CoV-2,0
0,TRA,CAVRESYDKVIF,TRAV12-2*01,TRAJ30*01,HomoSapiens,HLA-A*02,B2M,MHCI,YLQPRTFLL,Spike,SARS-CoV-2,0
0,TRA,CVVRICIYTGANSKLTF,TRAV12-1*01,TRAJ15*01,HomoSapiens,HLA-A*02,B2M,MHCI,YLQPRTFLL,Spike,SARS-CoV-2,0
0,TRA,CALSERQKKSSGDKLTF,TRAV12-1*01,TRAJ43*01,HomoSapiens,HLA-A*02,B2M,MHCI,YLQPRTFLL,Spike,SARS-CoV-2,0
0,TRA,CAVRDTPNSGYALNF,TRAV9-2*01,TRAJ41*01,HomoSapiens,HLA-A*02,B2M,MHCI,YLQPRTFLL,Spike,SARS-CoV-2,0
0,TRA,CAVSDLLGAASGGSYIPTF,TRAV26-1*01,TRAJ11*01,HomoSapiens,HLA-A*02,B2M,MHCI,YLQPRTFLL,Spike,SARS-CoV-2,0
0,TRA,CAVDRMGIYSTF,TRAV38-2/DV8*01,TRAJ49*01,HomoSapiens,HLA-A*02,B2M,MHCI,RLQSLQTYV,Spike,SARS-CoV-2,0
0,TRA,CIVRVGMLNYGGATNKLIF,TRAV8-6*01,TRAJ30*01,HomoSapiens,HLA-A*02,B2M,MHCI,RLQSLQTYV,Spike,SARS-CoV-2,0
0,TRA,CAERNPLYESITSQLQF,TRAV12-2*01,TRAJ42*01,HomoSapiens,HLA-A*02,B2M,MHCI,RLQSLQTYV,Spike,SARS-CoV-2,0
0,TRA,CALRGYESITSQLQF,TRAV19*01,TRAJ26*01,HomoSapiens,HLA-A*02,B2M,MHCI,RLQSLQTYV,Spike,SARS-CoV-2,0
0,TRA,CADPSSEGYSTLTF,TRAV23/DV6*01,TRAJ9*01,HomoSapiens,HLA-A*02,B2M,MHCI,YLQPRTFLL,Spike,SARS-CoV-2,0
0,TRA,CAGQGGGF,TRAV13-2*01,TRAJ39*01,HomoSapiens,HLA-A*02,B2M,MHCI,YLQPRTFLL,Spike,SARS-CoV-2,0
0,TRA,CAESSRPITGGGNKLTF,TRAV2*01,TRAJ31*01,HomoSapiens,HLA-A*02,B2M,MHCI,YLQPRTFLL,Spike,SARS-CoV-2,0
0,TRA,CAGPPLAGGTSYGKLTF,TRAV12-2*01,TRAJ44*01,HomoSapiens,HLA-A*02,B2M,MHCI,YLQPRTFLL,Spike,SARS-CoV-2,0
0,TRA,CAVQGGGTGANSKLTF,TRAV12-2*01,TRAJ30*01,HomoSapiens,HLA-A*02,B2M,MHCI,YLQPRTFLL,Spike,SARS-CoV-2,0
0,TRA,CAMREPRGGARLMF,TRAV12-2*01,TRAJ30*01,HomoSapiens,HLA-A*02,B2M,MHCI,YLQPRTFLL,Spike,SARS-CoV-2,0
0,TRA,CAMSVRGF,TRAV12-2*01,TRAJ30*01,HomoSapiens,HLA-A*02,B2M,MHCI,YLQPRTFLL,Spike,SARS-CoV-2,0
0,TRA,CAVNARRNQGGKLIF,TRAV12-2*01,TRAJ45*01,HomoSapiens,HLA-A*02,B2M,MHCI,YLQPRTFLL,Spike,SARS-CoV-2,0
0,TRA,CALSEADSGYALNF,TRAV26-2*01,TRAJ38*01,HomoSapiens,HLA-A*02,B2M,MHCI,YLQPRTFLL,Spike,SARS-CoV-2,0
0,TRA,CALSEAMGGTGANNLFF,TRAV26-1*01,TRAJ37*01,HomoSapiens,HLA-A*02,B2M,MHCI,YLQPRTFLL,Spike,SARS-CoV-2,0
0,TRA,CVVSRSPLRVNRKLTF,TRAV4*01,TRAJ22*01,HomoSapiens,HLA-A*02,B2M,MHCI,YLQPRTFLL,Spike,SARS-CoV-2,0
0,TRA,CAVDTYYPLNTGGTIDKLTF,TRAV12-1*01,TRAJ43*01,HomoSapiens,HLA-A*02,B2M,MHCI,YLQPRTFLL,Spike,SARS-CoV-2,0
0,TRA,CAVDRKEF,TRAV12-1*01,TRAJ30*01,HomoSapiens,HLA-A*02,B2M,MHCI,YLQPRTFLL,Spike,SARS-CoV-2,0
0,TRA,CAGGYSGKPGKEGNRKF,TRAV12-1*01,TRAJ43*01,HomoSapiens,HLA-A*02,B2M,MHCI,YLQPRTFLL,Spike,SARS-CoV-2,0
0,TRA,CAFTYSTF,TRAV12-1*01,TRAJ43*01,HomoSapiens,HLA-A*02,B2M,MHCI,YLQPRTFLL,Spike,SARS-CoV-2,0
0,TRA,CAVRDMRLF,TRAV12-1*01,TRAJ36*01,HomoSapiens,HLA-A*02,B2M,MHCI,YLQPRTFLL,Spike,SARS-CoV-2,0
0,TRA,CAYRSATRFFWF,TRAV12-1*01,TRAJ43*01,HomoSapiens,HLA-A*02,B2M,MHCI,YLQPRTFLL,Spike,SARS-CoV-2,0
0,TRA,CALSEAGDTGGTIDKLTF,TRAV12-1*01,TRAJ34*01,HomoSapiens,HLA-A*02,B2M,MHCI,YLQPRTFLL,Spike,SARS-CoV-2,0
0,TRA,CAVSEREGGGTIDKLTF,TRAV12-1*01,TRAJ43*01,HomoSapiens,HLA-A*02,B2M,MHCI,YLQPRTFLL,Spike,SARS-CoV-2,0
0,TRA,CLVGDAKKSSGDKLTF,TRAV12-1*01,TRAJ43*01,HomoSapiens,HLA-A*02,B2M,MHCI,YLQPRTFLL,Spike,SARS-CoV-2,0
0,TRA,CAEREGTASKLTF,TRAV12-1*01,TRAJ28*01,HomoSapiens,HLA-A*02,B2M,MHCI,YLQPRTFLL,Spike,SARS-CoV-2,0
0,TRA,CAGQSGVLNF,TRAV12-1*01,TRAJ15*01,HomoSapiens,HLA-A*02,B2M,MHCI,YLQPRTFLL,Spike,SARS-CoV-2,0
0,TRA,CAVASEGQGF,TRAV12-1*01,TRAJ43*01,HomoSapiens,HLA-A*02,B2M,MHCI,YLQPRTFLL,Spike,SARS-CoV-2,0
0,TRA,CAVEVRQNSGGSNYKLTF,TRAV12-1*01,TRAJ34*01,HomoSapiens,HLA-A*02,B2M,MHCI,YLQPRTFLL,Spike,SARS-CoV-2,0
0,TRA,CALSDPLLDSSYKLIF,TRAV12-1*01,TRAJ30*01,HomoSapiens,HLA-A*02,B2M,MHCI,YLQPRTFLL,Spike,SARS-CoV-2,0
0,TRA,CAVNGGRF,TRAV12-1*01,TRAJ28*01,HomoSapiens,HLA-A*02,B2M,MHCI,YLQPRTFLL,Spike,SARS-CoV-2,0
0,TRA,CVVSDNAGGTSYGKLTF,TRAV12-1*01,TRAJ39*01,HomoSapiens,HLA-A*02,B2M,MHCI,YLQPRTFLL,Spike,SARS-CoV-2,0
0,TRA,CAVDEKSGYNQGGKLIF,TRAV12-1*01,TRAJ31*01,HomoSapiens,HLA-A*02,B2M,MHCI,YLQPRTFLL,Spike,SARS-CoV-2,0
0,TRA,CAESSYTGANSKLTF,TRAV12-1*01,TRAJ30*01,HomoSapiens,HLA-A*02,B2M,MHCI,YLQPRTFLL,Spike,SARS-CoV-2,0
0,TRA,CVVNRGACSGNTGKLIF,TRAV12-1*01,TRAJ43*01,HomoSapiens,HLA-A*02,B2M,MHCI,YLQPRTFLL,Spike,SARS-CoV-2,0
0,TRA,CAGEGGGTIDKLTF,TRAV12-1*01,TRAJ34*01,HomoSapiens,HLA-A*02,B2M,MHCI,YLQPRTFLL,Spike,SARS-CoV-2,0
0,TRA,CALRDRGVVF,TRAV12-1*01,TRAJ15*01,HomoSapiens,HLA-A*02,B2M,MHCI,YLQPRTFLL,Spike,SARS-CoV-2,0
0,TRA,CALSEGGGSNYKLTF,TRAV12-1*01,TRAJ43*01,HomoSapiens,HLA-A*02,B2M,MHCI,YLQPRTFLL,Spike,SARS-CoV-2,0
0,TRA,CVVSESVYGQNF,TRAV12-1*01,TRAJ43*01,HomoSapiens,HLA-A*02,B2M,MHCI,YLQPRTFLL,Spike,SARS-CoV-2,0
0,TRA,CAVRDRYDKVIF,TRAV12-1*01,TRAJ34*01,HomoSapiens,HLA-A*02,B2M,MHCI,YLQPRTFLL,Spike,SARS-CoV-2,0
0,TRA,CATDANNNDMRF,TRAV12-1*01,TRAJ20*01,HomoSapiens,HLA-A*02,B2M,MHCI,YLQPRTFLL,Spike,SARS-CoV-2,0
0,TRA,CAVSEARRVNRKLTF,TRAV12-1*01,TRAJ47*01,HomoSapiens,HLA-A*02,B2M,MHCI,YLQPRTFLL,Spike,SARS-CoV-2,0
0,TRA,CAASARSYSGGGADGLTF,TRAV12-1*01,TRAJ34*01,HomoSapiens,HLA-A*02,B2M,MHCI,YLQPRTFLL,Spike,SARS-CoV-2,0
0,TRA,CALARSGGSNYKLTF,TRAV12-1*01,TRAJ43*01,HomoSapiens,HLA-A*02,B2M,MHCI,YLQPRTFLL,Spike,SARS-CoV-2,0
0,TRA,CAVQSGGGADGLTF,TRAV16*01,TRAJ20*01,HomoSapiens,HLA-A*02,B2M,MHCI,RLQSLQTYV,Spike,SARS-CoV-2,0
0,TRA,CAVSDSRCAALRVRHSSDCF,TRAV12-2*01,TRAJ26*01,HomoSapiens,HLA-A*02,B2M,MHCI,RLQSLQTYV,Spike,SARS-CoV-2,0
0,TRA,CIVRVVLLGNNARLMF,TRAV38-2/DV8*01,TRAJ33*01,HomoSapiens,HLA-A*02,B2M,MHCI,RLQSLQTYV,Spike,SARS-CoV-2,0
0,TRA,CVVSGRGVNSGYSTLTF,TRAV27*01,TRAJ41*01,HomoSapiens,HLA-A*02,B2M,MHCI,RLQSLQTYV,Spike,SARS-CoV-2,0
0,TRA,CATDVSTF,TRAV38-2/DV8*01,TRAJ49*01,HomoSapiens,HLA-A*02,B2M,MHCI,RLQSLQTYV,Spike,SARS-CoV-2,0
0,TRA,CAVNTVKTSYDKVIF,TRAV13-2*01,TRAJ49*01,HomoSapiens,HLA-A*02,B2M,MHCI,RLQSLQTYV,Spike,SARS-CoV-2,0
0,TRA,CAFSLGVNYGGSQGNLIF,TRAV12-1*01,TRAJ43*01,HomoSapiens,HLA-A*02,B2M,MHCI,RLQSLQTYV,Spike,SARS-CoV-2,0
0,TRA,CAASTQGTQAF,TRAV16*01,TRAJ34*01,HomoSapiens,HLA-A*02,B2M,MHCI,YLQPRTFLL,Spike,SARS-CoV-2,0
0,TRA,CAMREGRSRYRVNRKLTF,TRAV12-2*01,TRAJ20*01,HomoSapiens,HLA-A*02,B2M,MHCI,YLQPRTFLL,Spike,SARS-CoV-2,0
0,TRA,CAVRLGGGADGLTF,TRAV12-2*01,TRAJ34*01,HomoSapiens,HLA-A*02,B2M,MHCI,YLQPRTFLL,Spike,SARS-CoV-2,0
0,TRA,CLVGDTEYKF,TRAV12-1*01,TRAJ10*01,HomoSapiens,HLA-A*02,B2M,MHCI,YLQPRTFLL,Spike,SARS-CoV-2,0
0,TRA,CALSAGGTGKKSSGDKLTF,TRAV12-1*01,TRAJ43*01,HomoSapiens,HLA-A*02,B2M,MHCI,YLQPRTFLL,Spike,SARS-CoV-2,0
0,TRA,CAGGADRGSTLGRLYF,TRAV12-1*01,TRAJ39*01,HomoSapiens,HLA-A*02,B2M,MHCI,YLQPRTFLL,Spike,SARS-CoV-2,0
0,TRA,CVVKRGSGGYQKVTF,TRAV12-1*01,TRAJ8*01,HomoSapiens,HLA-A*02,B2M,MHCI,YLQPRTFLL,Spike,SARS-CoV-2,0
0,TRA,CVVSGPVGANNLFF,TRAV12-1*01,TRAJ15*01,HomoSapiens,HLA-A*02,B2M,MHCI,YLQPRTFLL,Spike,SARS-CoV-2,0
0,TRA,CAMREGQVSGAGSYQLTF,TRAV12-2*01,TRAJ10*01,HomoSapiens,HLA-A*02,B2M,MHCI,YLQPRTFLL,Spike,SARS-CoV-2,0
0,TRA,CVVNRGGPYNQGGKLIF,TRAV24*01,TRAJ48*01,HomoSapiens,HLA-A*02,B2M,MHCI,YLQPRTFLL,Spike,SARS-CoV-2,0
0,TRA,CALRRLGANSKLTF,TRAV12-1*01,TRAJ43*01,HomoSapiens,HLA-A*02,B2M,MHCI,YLQPRTFLL,Spike,SARS-CoV-2,0
0,TRA,CAENLPYNNNARLMF,TRAV12-1*01,TRAJ10*01,HomoSapiens,HLA-A*02,B2M,MHCI,YLQPRTFLL,Spike,SARS-CoV-2,0
0,TRA,CAVRGSQCF,TRAV17*01,TRAJ3*01,HomoSapiens,HLA-A*02,B2M,MHCI,YLQPRTFLL,Spike,SARS-CoV-2,0
0,TRA,CAFRNRDDKIIF,TRAV12-1*01,TRAJ43*01,HomoSapiens,HLA-A*02,B2M,MHCI,YLQPRTFLL,Spike,SARS-CoV-2,0
0,TRA,CAVRDPRLDSSYKLIF,TRAV12-1*01,TRAJ29*01,HomoSapiens,HLA-A*02,B2M,MHCI,YLQPRTFLL,Spike,SARS-CoV-2,0
0,TRA,CLVGDISLYQRF,TRAV12-1*01,TRAJ29*01,HomoSapiens,HLA-A*02,B2M,MHCI,YLQPRTFLL,Spike,SARS-CoV-2,0
0,TRA,CALSEAPF,TRAV12-1*01,TRAJ45*01,HomoSapiens,HLA-A*02,B2M,MHCI,YLQPRTFLL,Spike,SARS-CoV-2,0
0,TRA,CIVRVESNLDTGRRALTF,TRAV12-1*01,TRAJ28*01,HomoSapiens,HLA-A*02,B2M,MHCI,YLQPRTFLL,Spike,SARS-CoV-2,0
0,TRA,CAVRGNNARLMF,TRAV6*01,TRAJ27*01,HomoSapiens,HLA-A*02,B2M,MHCI,YLQPRTFLL,Spike,SARS-CoV-2,0
0,TRA,CVVSELLTQGGSEKLVF,TRAV29/DV5*01,TRAJ50*01,HomoSapiens,HLA-A*02,B2M,MHCI,YLQPRTFLL,Spike,SARS-CoV-2,0
0,TRA,CGADRIQGAQKLVF,TRAV12-1*01,TRAJ43*01,HomoSapiens,HLA-A*02,B2M,MHCI,YLQPRTFLL,Spike,SARS-CoV-2,0
0,TRA,CAFMKRGTYNTDKLIF,TRAV12-1*01,TRAJ43*01,HomoSapiens,HLA-A*02,B2M,MHCI,YLQPRTFLL,Spike,SARS-CoV-2,0
0,TRA,CAVNNLTGGGNKLTF,TRAV12-1*01,TRAJ29*01,HomoSapiens,HLA-A*02,B2M,MHCI,YLQPRTFLL,Spike,SARS-CoV-2,0
0,TRA,CAENSRNF,TRAV12-1*01,TRAJ4*01,HomoSapiens,HLA-A*02,B2M,MHCI,YLQPRTFLL,Spike,SARS-CoV-2,0
0,TRA,CAVQVENSGGSNYKLTF,TRAV12-2*01,TRAJ34*01,HomoSapiens,HLA-A*02,B2M,MHCI,YLQPRTFLL,Spike,SARS-CoV-2,0
0,TRA,CAVSLNYGGSQGNLIF,TRAV12-2*01,TRAJ30*01,HomoSapiens,HLA-A*02,B2M,MHCI,YLQPRTFLL,Spike,SARS-CoV-2,0
0,TRA,CAVGSGSSRVNRKLTF,TRAV12-1*01,TRAJ31*01,HomoSapiens,HLA-A*02,B2M,MHCI,YLQPRTFLL,Spike,SARS-CoV-2,0
0,TRA,CAGQGGDYGQNF,TRAV12-1*01,TRAJ15*01,HomoSapiens,HLA-A*02,B2M,MHCI,YLQPRTFLL,Spike,SARS-CoV-2,0
0,TRA,CAYRSEEGQGF,TRAV12-1*01,TRAJ39*01,HomoSapiens,HLA-A*02,B2M,MHCI,YLQPRTFLL,Spike,SARS-CoV-2,0
0,TRA,CAVDMRPDNTDKLIF,TRAV12-1*01,TRAJ30*01,HomoSapiens,HLA-A*02,B2M,MHCI,YLQPRTFLL,Spike,SARS-CoV-2,0
0,TRA,CAVDKGKGSTLGRLYF,TRAV12-1*01,TRAJ43*01,HomoSapiens,HLA-A*02,B2M,MHCI,YLQPRTFLL,Spike,SARS-CoV-2,0
0,TRA,CALSVGTGGGNKLTF,TRAV12-1*01,TRAJ4*01,HomoSapiens,HLA-A*02,B2M,MHCI,YLQPRTFLL,Spike,SARS-CoV-2,0
0,TRA,CAVNKVPNDMRF,TRAV12-1*01,TRAJ6*01,HomoSapiens,HLA-A*02,B2M,MHCI,YLQPRTFLL,Spike,SARS-CoV-2,0
0,TRA,CAYRSGGGVIKAAGNKLTF,TRAV12-1*01,TRAJ43*01,HomoSapiens,HLA-A*02,B2M,MHCI,YLQPRTFLL,Spike,SARS-CoV-2,0
0,TRA,CAASMSYTGANSKLTF,TRAV12-1*01,TRAJ43*01,HomoSapiens,HLA-A*02,B2M,MHCI,YLQPRTFLL,Spike,SARS-CoV-2,0
0,TRA,CIVRVASTSGTYKYIF,TRAV12-1*01,TRAJ29*01,HomoSapiens,HLA-A*02,B2M,MHCI,YLQPRTFLL,Spike,SARS-CoV-2,0
0,TRA,CAVNAGTEMTRSSLEKGHDF,TRAV12-1*01,TRAJ43*01,HomoSapiens,HLA-A*02,B2M,MHCI,YLQPRTFLL,Spike,SARS-CoV-2,0
0,TRA,CAMSGSGTSYGKLTF,TRAV12-1*01,TRAJ28*01,HomoSapiens,HLA-A*02,B2M,MHCI,YLQPRTFLL,Spike,SARS-CoV-2,0
0,TRA,CAVRDRGGGGTIDKLTF,TRAV12-1*01,TRAJ41*01,HomoSapiens,HLA-A*02,B2M,MHCI,YLQPRTFLL,Spike,SARS-CoV-2,0
0,TRA,CGTEGVGANAGGTSYGKLTF,TRAV12-1*01,TRAJ46*01,HomoSapiens,HLA-A*02,B2M,MHCI,YLQPRTFLL,Spike,SARS-CoV-2,0
0,TRA,CVVIGIASGGSYIPTF,TRAV12-1*01,TRAJ31*01,HomoSapiens,HLA-A*02,B2M,MHCI,YLQPRTFLL,Spike,SARS-CoV-2,0
0,TRA,CAASGEGNF,TRAV12-1*01,TRAJ10*01,HomoSapiens,HLA-A*02,B2M,MHCI,YLQPRTFLL,Spike,SARS-CoV-2,0
0,TRA,CAASVAGAGNTGKLIF,TRAV29/DV5*01,TRAJ42*01,HomoSapiens,HLA-A*02,B2M,MHCI,YLQPRTFLL,Spike,SARS-CoV-2,0
0,TRA,CAENKGDKYNQGGKLIF,TRAV17*01,TRAJ38*01,HomoSapiens,HLA-A*02,B2M,MHCI,YLQPRTFLL,Spike,SARS-CoV-2,0
0,TRA,CAVNAREGGSRLTF,TRAV4*01,TRAJ20*01,HomoSapiens,HLA-A*02,B2M,MHCI,YLQPRTFLL,Spike,SARS-CoV-2,0
0,TRA,CAVRDSRMNYGGSQGNLIF,TRAV12-1*01,TRAJ41*01,HomoSapiens,HLA-A*02,B2M,MHCI,YLQPRTFLL,Spike,SARS-CoV-2,0
0,TRA,CAGEDNTDKLIF,TRAV22*01,TRAJ20*01,HomoSapiens,HLA-A*02,B2M,MHCI,RLQSLQTYV,Spike,SARS-CoV-2,0
0,TRA,CLVGGGSGGGADGLTF,TRAV5*01,TRAJ43*01,HomoSapiens,HLA-A*02,B2M,MHCI,RLQSLQTYV,Spike,SARS-CoV-2,0
0,TRA,CALRLLAYTNAGKSTF,TRAV25*01,TRAJ20*01,HomoSapiens,HLA-A*02,B2M,MHCI,RLQSLQTYV,Spike,SARS-CoV-2,0
0,TRA,CALSEKGGRLGGSEKLVF,TRAV16*01,TRAJ39*01,HomoSapiens,HLA-A*02,B2M,MHCI,RLQSLQTYV,Spike,SARS-CoV-2,0
0,TRA,CAVDRRGGRTGGF,TRAV22*01,TRAJ33*01,HomoSapiens,HLA-A*02,B2M,MHCI,RLQSLQTYV,Spike,SARS-CoV-2,0
0,TRA,CAFMKQRPGF,TRAV9-2*01,TRAJ13*01,HomoSapiens,HLA-A*02,B2M,MHCI,YLQPRTFLL,Spike,SARS-CoV-2,0
0,TRA,CAVSERSLIYNQGGKLIF,TRAV12-1*01,TRAJ34*01,HomoSapiens,HLA-A*02,B2M,MHCI,YLQPRTFLL,Spike,SARS-CoV-2,0
0,TRA,CLVGVPMRF,TRAV12-1*01,TRAJ43*01,HomoSapiens,HLA-A*02,B2M,MHCI,YLQPRTFLL,Spike,SARS-CoV-2,0
0,TRA,CAVEVWASEDKLTF,TRAV38-2/DV8*01,TRAJ39*01,HomoSapiens,HLA-A*02,B2M,MHCI,YLQPRTFLL,Spike,SARS-CoV-2,0
0,TRA,CAVRSSGGTSYGKLTF,TRAV12-1*01,TRAJ43*01,HomoSapiens,HLA-A*02,B2M,MHCI,YLQPRTFLL,Spike,SARS-CoV-2,0
0,TRA,CAFLLNSGGYQKVTF,TRAV12-1*01,TRAJ31*01,HomoSapiens,HLA-A*02,B2M,MHCI,YLQPRTFLL,Spike,SARS-CoV-2,0
0,TRA,CAASKGNSGYALNF,TRAV23/DV6*01,TRAJ34*01,HomoSapiens,HLA-A*02,B2M,MHCI,YLQPRTFLL,Spike,SARS-CoV-2,0
0,TRA,CAASKKIPIGNKLVF,TRAV12-1*01,TRAJ34*01,HomoSapiens,HLA-A*02,B2M,MHCI,YLQPRTFLL,Spike,SARS-CoV-2,0
0,TRA,CVVSGACNNNARLMF,TRAV12-1*01,TRAJ34*01,HomoSapiens,HLA-A*02,B2M,MHCI,YLQPRTFLL,Spike,SARS-CoV-2,0
0,TRA,CAGGVGASYDKVIF,TRAV12-1*01,TRAJ29*01,HomoSapiens,HLA-A*02,B2M,MHCI,YLQPRTFLL,Spike,SARS-CoV-2,0
0,TRA,CAVGGGNQAGTALIF,TRAV12-1*01,TRAJ43*01,HomoSapiens,HLA-A*02,B2M,MHCI,YLQPRTFLL,Spike,SARS-CoV-2,0
0,TRA,CAVERPPLQGGSEKLVF,TRAV12-2*01,TRAJ44*01,HomoSapiens,HLA-A*02,B2M,MHCI,YLQPRTFLL,Spike,SARS-CoV-2,0
0,TRA,CALSTSGSRLTF,TRAV12-1*01,TRAJ30*01,HomoSapiens,HLA-A*02,B2M,MHCI,YLQPRTFLL,Spike,SARS-CoV-2,0
0,TRA,CILRDGRLGILTGGGNKLTF,TRAV22*01,TRAJ20*01,HomoSapiens,HLA-A*02,B2M,MHCI,RLQSLQTYV,Spike,SARS-CoV-2,0
0,TRA,CALREDRGSTLGRLYF,TRAV13-1*01,TRAJ39*01,HomoSapiens,HLA-A*02,B2M,MHCI,RLQSLQTYV,Spike,SARS-CoV-2,0
0,TRA,CAVREMKSSGDKLTF,TRAV8-1*01,TRAJ20*01,HomoSapiens,HLA-A*02,B2M,MHCI,RLQSLQTYV,Spike,SARS-CoV-2,0
0,TRA,CAVDEANNNAGNMLTF,TRAV12-1*01,TRAJ47*01,HomoSapiens,HLA-A*02,B2M,MHCI,YLQPRTFLL,Spike,SARS-CoV-2,0
0,TRA,CAVREVSNF,TRAV23/DV6*01,TRAJ50*01,HomoSapiens,HLA-A*02,B2M,MHCI,YLQPRTFLL,Spike,SARS-CoV-2,0
0,TRA,CVVNRDNF,TRAV12-1*01,TRAJ39*01,HomoSapiens,HLA-A*02,B2M,MHCI,YLQPRTFLL,Spike,SARS-CoV-2,0
0,TRA,CVVSTEGVNRKLTF,TRAV12-1*01,TRAJ47*01,HomoSapiens,HLA-A*02,B2M,MHCI,YLQPRTFLL,Spike,SARS-CoV-2,0
0,TRA,CAVGARGTLNF,TRAV12-1*01,TRAJ43*01,HomoSapiens,HLA-A*02,B2M,MHCI,YLQPRTFLL,Spike,SARS-CoV-2,0
0,TRA,CALSPLREF,TRAV20*01,TRAJ40*01,HomoSapiens,HLA-A*02,B2M,MHCI,YLQPRTFLL,Spike,SARS-CoV-2,0
0,TRA,CVVTRSPYTGANSKLTF,TRAV40*01,TRAJ10*01,HomoSapiens,HLA-A*02,B2M,MHCI,YLQPRTFLL,Spike,SARS-CoV-2,0
0,TRA,CAGQRGADRGSTLGRLYF,TRAV12-1*01,TRAJ31*01,HomoSapiens,HLA-A*02,B2M,MHCI,YLQPRTFLL,Spike,SARS-CoV-2,0
0,TRA,CAVDKGDKLIF,TRAV12-2*01,TRAJ30*01,HomoSapiens,HLA-A*02,B2M,MHCI,YLQPRTFLL,Spike,SARS-CoV-2,0
0,TRA,CAENSGCTGF,TRAV10*01,TRAJ38*01,HomoSapiens,HLA-A*02,B2M,MHCI,YLQPRTFLL,Spike,SARS-CoV-2,0
0,TRA,CAVDGGGTNAGKSTF,TRAV2*01,TRAJ37*01,HomoSapiens,HLA-A*02,B2M,MHCI,VLNDILSRL,Spike,SARS-CoV-2,0
0,TRA,CAVGLYGNKLVF,TRAV12-1*01,TRAJ18*01,HomoSapiens,HLA-A*02,B2M,MHCI,VLNDILSRL,Spike,SARS-CoV-2,0
0,TRA,CAVHPGGSSYKLIF,TRAV12-1*01,TRAJ30*01,HomoSapiens,HLA-A*02,B2M,MHCI,YLQPRTFLL,Spike,SARS-CoV-2,0
0,TRA,CALSEARGAF,TRAV13-2*01,TRAJ39*01,HomoSapiens,HLA-A*02,B2M,MHCI,YLQPRTFLL,Spike,SARS-CoV-2,0
0,TRA,CILRDQYESITSQLQF,TRAV12-1*01,TRAJ47*01,HomoSapiens,HLA-A*02,B2M,MHCI,YLQPRTFLL,Spike,SARS-CoV-2,0
0,TRA,CAVRDRLNTGF,TRAV35*01,TRAJ37*01,HomoSapiens,HLA-A*02,B2M,MHCI,YLQPRTFLL,Spike,SARS-CoV-2,0
0,TRA,CAESIRQF,TRAV12-1*01,TRAJ43*01,HomoSapiens,HLA-A*02,B2M,MHCI,YLQPRTFLL,Spike,SARS-CoV-2,0
0,TRA,CAASRGGSSGGGADGLTF,TRAV12-2*01,TRAJ30*01,HomoSapiens,HLA-A*02,B2M,MHCI,YLQPRTFLL,Spike,SARS-CoV-2,0
0,TRA,CAESTLLWSEF,TRAV12-1*01,TRAJ42*01,HomoSapiens,HLA-A*02,B2M,MHCI,YLQPRTFLL,Spike,SARS-CoV-2,0
0,TRA,CAVGAGARGERGSTLGRLYF,TRAV12-1*01,TRAJ30*01,HomoSapiens,HLA-A*02,B2M,MHCI,YLQPRTFLL,Spike,SARS-CoV-2,0
0,TRA,CAVEAPALPVNSPLGLEQDF,TRAV12-1*01,TRAJ43*01,HomoSapiens,HLA-A*02,B2M,MHCI,YLQPRTFLL,Spike,SARS-CoV-2,0
0,TRA,CALRYGGSSGSARQLTF,TRAV12-1*01,TRAJ29*01,HomoSapiens,HLA-A*02,B2M,MHCI,YLQPRTFLL,Spike,SARS-CoV-2,0
0,TRA,CVVSDVAGGGADGLTF,TRAV12-1*01,TRAJ34*01,HomoSapiens,HLA-A*02,B2M,MHCI,YLQPRTFLL,Spike,SARS-CoV-2,0
0,TRA,CAVEEGGSEKLVF,TRAV12-1*01,TRAJ43*01,HomoSapiens,HLA-A*02,B2M,MHCI,YLQPRTFLL,Spike,SARS-CoV-2,0
0,TRA,CALRDSSYKLIF,TRAV12-1*01,TRAJ41*01,HomoSapiens,HLA-A*02,B2M,MHCI,YLQPRTFLL,Spike,SARS-CoV-2,0
0,TRA,CGTEIGPYTGANSKLTF,TRAV5*01,TRAJ7*01,HomoSapiens,HLA-A*02,B2M,MHCI,YLQPRTFLL,Spike,SARS-CoV-2,0
0,TRA,CAESGVEPNAGGTSYGKLTF,TRAV12-1*01,TRAJ11*01,HomoSapiens,HLA-A*02,B2M,MHCI,YLQPRTFLL,Spike,SARS-CoV-2,0
0,TRA,CAVDYNNAGNMLTF,TRAV12-1*01,TRAJ34*01,HomoSapiens,HLA-A*02,B2M,MHCI,YLQPRTFLL,Spike,SARS-CoV-2,0
0,TRA,CAASGAQTGANNLFF,TRAV12-1*01,TRAJ43*01,HomoSapiens,HLA-A*02,B2M,MHCI,YLQPRTFLL,Spike,SARS-CoV-2,0
0,TRA,CAERERLGLNYGGSQGNLIF,TRAV12-2*01,TRAJ48*01,HomoSapiens,HLA-A*02,B2M,MHCI,YLQPRTFLL,Spike,SARS-CoV-2,0
0,TRA,CAFMKHRGPLTGANNLFF,TRAV12-2*01,TRAJ30*01,HomoSapiens,HLA-A*02,B2M,MHCI,YLQPRTFLL,Spike,SARS-CoV-2,0
0,TRA,CAESKVRKHTSCLWKGHKTF,TRAV12-1*01,TRAJ43*01,HomoSapiens,HLA-A*02,B2M,MHCI,YLQPRTFLL,Spike,SARS-CoV-2,0
0,TRA,CAVSDRGSEKLVF,TRAV12-1*01,TRAJ23*01,HomoSapiens,HLA-A*02,B2M,MHCI,YLQPRTFLL,Spike,SARS-CoV-2,0
0,TRA,CAASRAPNDYKLSF,TRAV12-1*01,TRAJ29*01,HomoSapiens,HLA-A*02,B2M,MHCI,YLQPRTFLL,Spike,SARS-CoV-2,0
0,TRA,CAASGKEGNRKF,TRAV12-1*01,TRAJ30*01,HomoSapiens,HLA-A*02,B2M,MHCI,YLQPRTFLL,Spike,SARS-CoV-2,0
0,TRA,CAMREGGGNAGNMLTF,TRAV12-1*01,TRAJ43*01,HomoSapiens,HLA-A*02,B2M,MHCI,YLQPRTFLL,Spike,SARS-CoV-2,0
0,TRA,CLVGDRPEGYNQGGKLIF,TRAV12-1*01,TRAJ39*01,HomoSapiens,HLA-A*02,B2M,MHCI,YLQPRTFLL,Spike,SARS-CoV-2,0
0,TRA,CAVRAARVNTGTASKLTF,TRAV12-1*01,TRAJ43*01,HomoSapiens,HLA-A*02,B2M,MHCI,YLQPRTFLL,Spike,SARS-CoV-2,0
0,TRA,CAAIGERCGSRLTF,TRAV1-1*01,TRAJ23*01,HomoSapiens,HLA-A*02,B2M,MHCI,YLQPRTFLL,Spike,SARS-CoV-2,0
0,TRA,CAVSPSIKAAGNKLTF,TRAV13-2*01,TRAJ9*01,HomoSapiens,HLA-A*02,B2M,MHCI,YLQPRTFLL,Spike,SARS-CoV-2,0
0,TRA,CATDEDGGNTDKLIF,TRAV12-1*01,TRAJ43*01,HomoSapiens,HLA-A*02,B2M,MHCI,YLQPRTFLL,Spike,SARS-CoV-2,0
0,TRA,CAASSRAISNF,TRAV12-1*01,TRAJ30*01,HomoSapiens,HLA-A*02,B2M,MHCI,YLQPRTFLL,Spike,SARS-CoV-2,0
0,TRA,CAFMKGSARQLTF,TRAV12-1*01,TRAJ43*01,HomoSapiens,HLA-A*02,B2M,MHCI,YLQPRTFLL,Spike,SARS-CoV-2,0
0,TRA,CAGQMLGYSTF,TRAV12-1*01,TRAJ34*01,HomoSapiens,HLA-A*02,B2M,MHCI,YLQPRTFLL,Spike,SARS-CoV-2,0
0,TRA,CALSSGGGF,TRAV21*01,TRAJ34*01,HomoSapiens,HLA-A*02,B2M,MHCI,YLQPRTFLL,Spike,SARS-CoV-2,0
0,TRA,CAESIGPVQQCF,TRAV12-1*01,TRAJ20*01,HomoSapiens,HLA-A*02,B2M,MHCI,YLQPRTFLL,Spike,SARS-CoV-2,0
0,TRA,CAVSLEDSGGGADGLTF,TRAV14/DV4*01,TRAJ47*01,HomoSapiens,HLA-A*02,B2M,MHCI,YLQPRTFLL,Spike,SARS-CoV-2,0
0,TRA,CAVDRGSQGGSEKLVF,TRAV13-1*01,TRAJ6*01,HomoSapiens,HLA-A*02,B2M,MHCI,YLQPRTFLL,Spike,SARS-CoV-2,0
0,TRA,CGTERGGSGGSYIPTF,TRAV12-1*01,TRAJ34*01,HomoSapiens,HLA-A*02,B2M,MHCI,YLQPRTFLL,Spike,SARS-CoV-2,0
0,TRA,CAGQRGGF,TRAV13-2*01,TRAJ22*01,HomoSapiens,HLA-A*02,B2M,MHCI,YLQPRTFLL,Spike,SARS-CoV-2,0
0,TRA,CALSEAVTRGSTLGRLYF,TRAV12-1*01,TRAJ31*01,HomoSapiens,HLA-A*02,B2M,MHCI,YLQPRTFLL,Spike,SARS-CoV-2,0
0,TRA,CALEAGFFWF,TRAV12-1*01,TRAJ39*01,HomoSapiens,HLA-A*02,B2M,MHCI,YLQPRTFLL,Spike,SARS-CoV-2,0
0,TRA,CAFLKGTASKLTF,TRAV12-1*01,TRAJ43*01,HomoSapiens,HLA-A*02,B2M,MHCI,YLQPRTFLL,Spike,SARS-CoV-2,0
0,TRA,CAVNAERSGAGSYQLTF,TRAV12-1*01,TRAJ31*01,HomoSapiens,HLA-A*02,B2M,MHCI,YLQPRTFLL,Spike,SARS-CoV-2,0
0,TRA,CAGQGGYNF,TRAV12-2*01,TRAJ30*01,HomoSapiens,HLA-A*02,B2M,MHCI,YLQPRTFLL,Spike,SARS-CoV-2,0
0,TRA,CAKDDLNARLMF,TRAV12-1*01,TRAJ29*01,HomoSapiens,HLA-A*02,B2M,MHCI,YLQPRTFLL,Spike,SARS-CoV-2,0
0,TRA,CAVGEDLNTGGTIDKLTF,TRAV12-2*01,TRAJ30*01,HomoSapiens,HLA-A*02,B2M,MHCI,YLQPRTFLL,Spike,SARS-CoV-2,0
0,TRA,CAVQVRGPQGGSEKLVF,TRAV12-1*01,TRAJ34*01,HomoSapiens,HLA-A*02,B2M,MHCI,YLQPRTFLL,Spike,SARS-CoV-2,0
0,TRA,CAVEGGPPSSYKLIF,TRAV12-2*01,TRAJ34*01,HomoSapiens,HLA-A*02,B2M,MHCI,YLQPRTFLL,Spike,SARS-CoV-2,0
0,TRA,CAVDSPKSSGDKLTF,TRAV12-1*01,TRAJ15*01,HomoSapiens,HLA-A*02,B2M,MHCI,YLQPRTFLL,Spike,SARS-CoV-2,0
0,TRA,CGTELPPLYTGANSKLTF,TRAV12-1*01,TRAJ43*01,HomoSapiens,HLA-A*02,B2M,MHCI,YLQPRTFLL,Spike,SARS-CoV-2,0
0,TRA,CAYRSEGGF,TRAV13-2*01,TRAJ6*01,HomoSapiens,HLA-A*02,B2M,MHCI,YLQPRTFLL,Spike,SARS-CoV-2,0
0,TRA,CIVRLIKAAGNKLTF,TRAV12-1*01,TRAJ20*01,HomoSapiens,HLA-A*02,B2M,MHCI,YLQPRTFLL,Spike,SARS-CoV-2,0
0,TRA,CAFMKHPRGDKIIF,TRAV12-1*01,TRAJ11*01,HomoSapiens,HLA-A*02,B2M,MHCI,YLQPRTFLL,Spike,SARS-CoV-2,0
0,TRA,CVVSSLWNYGGSQGNLIF,TRAV26-1*01,TRAJ44*01,HomoSapiens,HLA-A*02,B2M,MHCI,YLQPRTFLL,Spike,SARS-CoV-2,0
0,TRA,CAVEVSGPNF,TRAV12-1*01,TRAJ43*01,HomoSapiens,HLA-A*02,B2M,MHCI,YLQPRTFLL,Spike,SARS-CoV-2,0
0,TRA,CAVRWDNYGQNF,TRAV12-1*01,TRAJ43*01,HomoSapiens,HLA-A*02,B2M,MHCI,YLQPRTFLL,Spike,SARS-CoV-2,0
0,TRA,CALRDWPGTSYGKLTF,TRAV16*01,TRAJ30*01,HomoSapiens,HLA-A*02,B2M,MHCI,YLQPRTFLL,Spike,SARS-CoV-2,0
0,TRA,CAFMKRRGEF,TRAV12-1*01,TRAJ43*01,HomoSapiens,HLA-A*02,B2M,MHCI,YLQPRTFLL,Spike,SARS-CoV-2,0
0,TRA,CAGQKPVGYSSASKIIF,TRAV12-1*01,TRAJ34*01,HomoSapiens,HLA-A*02,B2M,MHCI,YLQPRTFLL,Spike,SARS-CoV-2,0
0,TRA,CALRVGGGGLWGWELPTHF,TRAV12-1*01,TRAJ29*01,HomoSapiens,HLA-A*02,B2M,MHCI,YLQPRTFLL,Spike,SARS-CoV-2,0
0,TRA,CAENNDTGGF,TRAV12-1*01,TRAJ45*01,HomoSapiens,HLA-A*02,B2M,MHCI,YLQPRTFLL,Spike,SARS-CoV-2,0
0,TRA,CAVSSEAEGQGF,TRAV12-1*01,TRAJ43*01,HomoSapiens,HLA-A*02,B2M,MHCI,YLQPRTFLL,Spike,SARS-CoV-2,0
0,TRA,CAMSPRGSTLGRLYF,TRAV12-2*01,TRAJ34*01,HomoSapiens,HLA-A*02,B2M,MHCI,YLQPRTFLL,Spike,SARS-CoV-2,0
0,TRA,CAVNARIYSTF,TRAV12-1*01,TRAJ41*01,HomoSapiens,HLA-A*02,B2M,MHCI,YLQPRTFLL,Spike,SARS-CoV-2,0
0,TRA,CAQGDNYGQNF,TRAV12-1*01,TRAJ34*01,HomoSapiens,HLA-A*02,B2M,MHCI,YLQPRTFLL,Spike,SARS-CoV-2,0
0,TRA,CAVAGKAAGNKLTF,TRAV12-1*01,TRAJ43*01,HomoSapiens,HLA-A*02,B2M,MHCI,YLQPRTFLL,Spike,SARS-CoV-2,0
0,TRA,CAVNMAEF,TRAV14/DV4*01,TRAJ56*01,HomoSapiens,HLA-A*02,B2M,MHCI,YLQPRTFLL,Spike,SARS-CoV-2,0
0,TRA,CAENRGYLRKEGNRKF,TRAV12-1*01,TRAJ29*01,HomoSapiens,HLA-A*02,B2M,MHCI,YLQPRTFLL,Spike,SARS-CoV-2,0
0,TRA,CAVQASGGSYIPTF,TRAV12-1*01,TRAJ29*01,HomoSapiens,HLA-A*02,B2M,MHCI,YLQPRTFLL,Spike,SARS-CoV-2,0
0,TRA,CGTEKPSNAGGTSYGKLTF,TRAV10*01,TRAJ17*01,HomoSapiens,HLA-A*02,B2M,MHCI,YLQPRTFLL,Spike,SARS-CoV-2,0
0,TRA,CAMREGGHGQESTYF,TRAV12-1*01,TRAJ28*01,HomoSapiens,HLA-A*02,B2M,MHCI,YLQPRTFLL,Spike,SARS-CoV-2,0
0,TRA,CGTETITF,TRAV23/DV6*01,TRAJ56*01,HomoSapiens,HLA-A*02,B2M,MHCI,YLQPRTFLL,Spike,SARS-CoV-2,0
0,TRA,CALREIYSTF,TRAV12-1*01,TRAJ43*01,HomoSapiens,HLA-A*02,B2M,MHCI,YLQPRTFLL,Spike,SARS-CoV-2,0
0,TRA,CAYRSRDARNNDMRF,TRAV12-1*01,TRAJ31*01,HomoSapiens,HLA-A*02,B2M,MHCI,YLQPRTFLL,Spike,SARS-CoV-2,0
0,TRA,CAASGGDGVTGGGNKLTF,TRAV12-1*01,TRAJ34*01,HomoSapiens,HLA-A*02,B2M,MHCI,YLQPRTFLL,Spike,SARS-CoV-2,0
0,TRA,CAARTDSWGKF,TRAV12-1*01,TRAJ28*01,HomoSapiens,HLA-A*02,B2M,MHCI,YLQPRTFLL,Spike,SARS-CoV-2,0
0,TRA,CALRVTQGGSEKLVF,TRAV12-1*01,TRAJ11*01,HomoSapiens,HLA-A*02,B2M,MHCI,YLQPRTFLL,Spike,SARS-CoV-2,0
0,TRA,CAASGGSVYSGAGSYQLTF,TRAV12-1*01,TRAJ36*01,HomoSapiens,HLA-A*02,B2M,MHCI,YLQPRTFLL,Spike,SARS-CoV-2,0
0,TRA,CGTETSGGYQKVTF,TRAV12-1*01,TRAJ39*01,HomoSapiens,HLA-A*02,B2M,MHCI,YLQPRTFLL,Spike,SARS-CoV-2,0
0,TRA,CAVDGVSGGGADGLTF,TRAV12-1*01,TRAJ43*01,HomoSapiens,HLA-A*02,B2M,MHCI,YLQPRTFLL,Spike,SARS-CoV-2,0
0,TRA,CVVSGGYLQLKF,TRAV12-1*01,TRAJ43*01,HomoSapiens,HLA-A*02,B2M,MHCI,YLQPRTFLL,Spike,SARS-CoV-2,0
0,TRA,CAVRERGEF,TRAV10*01,TRAJ43*01,HomoSapiens,HLA-A*02,B2M,MHCI,YLQPRTFLL,Spike,SARS-CoV-2,0
0,TRA,CALSDQRESITSQLQF,TRAV12-1*01,TRAJ11*01,HomoSapiens,HLA-A*02,B2M,MHCI,YLQPRTFLL,Spike,SARS-CoV-2,0
0,TRA,CVVSGTTSNQAGTALIF,TRAV13-2*01,TRAJ7*01,HomoSapiens,HLA-A*02,B2M,MHCI,YLQPRTFLL,Spike,SARS-CoV-2,0
0,TRA,CAVNYNARLMF,TRAV1-2*01,TRAJ38*01,HomoSapiens,HLA-A*02,B2M,MHCI,YLQPRTFLL,Spike,SARS-CoV-2,0
0,TRA,CAVGGGPLEYGNKLVF,TRAV12-1*01,TRAJ43*01,HomoSapiens,HLA-A*02,B2M,MHCI,YLQPRTFLL,Spike,SARS-CoV-2,0
0,TRA,CAESRAGGTIDKLTF,TRAV12-1*01,TRAJ39*01,HomoSapiens,HLA-A*02,B2M,MHCI,YLQPRTFLL,Spike,SARS-CoV-2,0
0,TRA,CALGPGNNNARLMF,TRAV12-1*01,TRAJ43*01,HomoSapiens,HLA-A*02,B2M,MHCI,YLQPRTFLL,Spike,SARS-CoV-2,0
0,TRA,CAVRDKAF,TRAV12-1*01,TRAJ39*01,HomoSapiens,HLA-A*02,B2M,MHCI,YLQPRTFLL,Spike,SARS-CoV-2,0
0,TRA,CIVRVGGQRF,TRAV12-1*01,TRAJ47*01,HomoSapiens,HLA-A*02,B2M,MHCI,YLQPRTFLL,Spike,SARS-CoV-2,0
0,TRA,CAVSCGGANSKLTF,TRAV12-1*01,TRAJ47*01,HomoSapiens,HLA-A*02,B2M,MHCI,YLQPRTFLL,Spike,SARS-CoV-2,0
0,TRA,CAGWVSNF,TRAV12-1*01,TRAJ34*01,HomoSapiens,HLA-A*02,B2M,MHCI,YLQPRTFLL,Spike,SARS-CoV-2,0
0,TRA,CAVDKNSGGSNYKLTF,TRAV12-1*01,TRAJ10*01,HomoSapiens,HLA-A*02,B2M,MHCI,YLQPRTFLL,Spike,SARS-CoV-2,0
0,TRA,CAFTSLLIKAAGNKLTF,TRAV10*01,TRAJ41*01,HomoSapiens,HLA-A*02,B2M,MHCI,YLQPRTFLL,Spike,SARS-CoV-2,0
0,TRA,CILLRQESTYF,TRAV12-1*01,TRAJ15*01,HomoSapiens,HLA-A*02,B2M,MHCI,YLQPRTFLL,Spike,SARS-CoV-2,0
0,TRA,CAVREGGDTGGF,TRAV12-1*01,TRAJ43*01,HomoSapiens,HLA-A*02,B2M,MHCI,YLQPRTFLL,Spike,SARS-CoV-2,0
0,TRA,CAVSEGGGNTGGTIDKLTF,TRAV12-1*01,TRAJ41*01,HomoSapiens,HLA-A*02,B2M,MHCI,YLQPRTFLL,Spike,SARS-CoV-2,0
0,TRA,CAMSCQRF,TRAV12-1*01,TRAJ34*01,HomoSapiens,HLA-A*02,B2M,MHCI,YLQPRTFLL,Spike,SARS-CoV-2,0
0,TRA,CAVNAQKGRF,TRAV19*01,TRAJ9*01,HomoSapiens,HLA-A*02,B2M,MHCI,YLQPRTFLL,Spike,SARS-CoV-2,0
0,TRA,CAVDAGRVNRKLTF,TRAV12-1*01,TRAJ29*01,HomoSapiens,HLA-A*02,B2M,MHCI,YLQPRTFLL,Spike,SARS-CoV-2,0
0,TRA,CGADRGLRDNNNDMRF,TRAV12-1*01,TRAJ29*01,HomoSapiens,HLA-A*02,B2M,MHCI,YLQPRTFLL,Spike,SARS-CoV-2,0
0,TRA,CAFMKQGGRLWSEF,TRAV13-2*01,TRAJ49*01,HomoSapiens,HLA-A*02,B2M,MHCI,RLQSLQTYV,Spike,SARS-CoV-2,1
0,TRA,CALQEGEGF,TRAV13-2*01,TRAJ42*01,HomoSapiens,HLA-A*02,B2M,MHCI,ALNTLVKQL,Spike,SARS-CoV-2,1
0,TRA,CALSGSNF,TRAV38-2/DV8*01,TRAJ29*01,HomoSapiens,HLA-A*02,B2M,MHCI,RLQSLQTYV,Spike,SARS-CoV-2,1
